año,mes,pdo,fase_pdo
1854,1,0.11,Neutro
1854,2,-0.24,Neutro
1854,3,-0.4,Neutro
1854,4,-0.44,Neutro
1854,5,-0.54,Negativa
1854,6,-0.3,Neutro
1854,7,-0.1,Neutro
1854,8,-1.24,Negativa
1854,9,-1.0,Negativa
1854,10,-2.23,Negativa
1854,11,-1.68,Negativa
1854,12,-1.76,Negativa
1855,1,-0.2,Neutro
1855,2,-0.39,Neutro
1855,3,-0.24,Neutro
1855,4,-0.58,Negativa
1855,5,-1.34,Negativa
1855,6,-1.88,Negativa
1855,7,-1.13,Negativa
1855,8,-0.48,Neutro
1855,9,-0.76,Negativa
1855,10,-0.63,Negativa
1855,11,-0.41,Neutro
1855,12,-0.88,Negativa
1856,1,-0.39,Neutro
1856,2,0.47,Neutro
1856,3,0.42,Neutro
1856,4,-0.96,Negativa
1856,5,-1.26,Negativa
1856,6,-2.15,Negativa
1856,7,-0.69,Negativa
1856,8,0.63,Positiva
1856,9,0.58,Positiva
1856,10,0.59,Positiva
1856,11,0.23,Neutro
1856,12,0.04,Neutro
1857,1,-0.52,Negativa
1857,2,-1.67,Negativa
1857,3,-1.05,Negativa
1857,4,-0.81,Negativa
1857,5,-0.65,Negativa
1857,6,1.03,Positiva
1857,7,1.17,Positiva
1857,8,0.81,Positiva
1857,9,0.84,Positiva
1857,10,0.7,Positiva
1857,11,0.38,Neutro
1857,12,-0.55,Negativa
1858,1,-0.96,Negativa
1858,2,-1.53,Negativa
1858,3,-1.76,Negativa
1858,4,-0.82,Negativa
1858,5,0.49,Neutro
1858,6,2.19,Positiva
1858,7,1.05,Positiva
1858,8,0.67,Positiva
1858,9,1.38,Positiva
1858,10,2.35,Positiva
1858,11,0.46,Neutro
1858,12,-1.16,Negativa
1859,1,-1.22,Negativa
1859,2,-1.71,Negativa
1859,3,-2.46,Negativa
1859,4,-3.65,Negativa
1859,5,-2.86,Negativa
1859,6,-1.99,Negativa
1859,7,-1.01,Negativa
1859,8,-1.26,Negativa
1859,9,-1.19,Negativa
1859,10,-1.31,Negativa
1859,11,-1.14,Negativa
1859,12,-1.12,Negativa
1860,1,-1.31,Negativa
1860,2,-1.28,Negativa
1860,3,-1.34,Negativa
1860,4,-0.77,Negativa
1860,5,-0.85,Negativa
1860,6,-1.26,Negativa
1860,7,-0.27,Neutro
1860,8,-0.4,Neutro
1860,9,0.33,Neutro
1860,10,-1.7,Negativa
1860,11,-1.18,Negativa
1860,12,-1.42,Negativa
1861,1,-0.57,Negativa
1861,2,-0.84,Negativa
1861,3,-0.86,Negativa
1861,4,-0.83,Negativa
1861,5,-0.37,Neutro
1861,6,-0.35,Neutro
1861,7,-0.61,Negativa
1861,8,-0.8,Negativa
1861,9,-1.2,Negativa
1861,10,-1.58,Negativa
1861,11,-1.8,Negativa
1861,12,-1.65,Negativa
1862,1,-0.41,Neutro
1862,2,-0.13,Neutro
1862,3,0.16,Neutro
1862,4,0.07,Neutro
1862,5,0.09,Neutro
1862,6,-0.08,Neutro
1862,7,-0.12,Neutro
1862,8,-0.2,Neutro
1862,9,-0.98,Negativa
1862,10,-0.8,Negativa
1862,11,-0.39,Neutro
1862,12,0.07,Neutro
1863,1,-0.06,Neutro
1863,2,-0.34,Neutro
1863,3,-0.37,Neutro
1863,4,-0.18,Neutro
1863,5,0.03,Neutro
1863,6,-0.03,Neutro
1863,7,0.07,Neutro
1863,8,-0.26,Neutro
1863,9,0.05,Neutro
1863,10,0.07,Neutro
1863,11,0.11,Neutro
1863,12,-0.23,Neutro
1864,1,-0.19,Neutro
1864,2,-0.09,Neutro
1864,3,-1.04,Negativa
1864,4,-1.0,Negativa
1864,5,-0.78,Negativa
1864,6,-0.66,Negativa
1864,7,-0.19,Neutro
1864,8,-0.48,Neutro
1864,9,-0.21,Neutro
1864,10,0.23,Neutro
1864,11,0.53,Positiva
1864,12,0.5,Neutro
1865,1,-0.28,Neutro
1865,2,-0.54,Negativa
1865,3,-0.48,Neutro
1865,4,-0.16,Neutro
1865,5,-0.15,Neutro
1865,6,-0.66,Negativa
1865,7,-0.96,Negativa
1865,8,-0.69,Negativa
1865,9,-0.73,Negativa
1865,10,-0.61,Negativa
1865,11,-0.62,Negativa
1865,12,-0.76,Negativa
1866,1,-2.31,Negativa
1866,2,-2.27,Negativa
1866,3,-2.22,Negativa
1866,4,-1.16,Negativa
1866,5,-0.68,Negativa
1866,6,-0.84,Negativa
1866,7,-0.55,Negativa
1866,8,-0.4,Neutro
1866,9,-0.35,Neutro
1866,10,-0.17,Neutro
1866,11,-0.07,Neutro
1866,12,-0.29,Neutro
1867,1,-0.14,Neutro
1867,2,-0.29,Neutro
1867,3,-0.48,Neutro
1867,4,-0.43,Neutro
1867,5,-0.34,Neutro
1867,6,-0.14,Neutro
1867,7,0.16,Neutro
1867,8,-0.34,Neutro
1867,9,-0.29,Neutro
1867,10,-0.89,Negativa
1867,11,-0.28,Neutro
1867,12,0.76,Positiva
1868,1,0.98,Positiva
1868,2,0.26,Neutro
1868,3,0.03,Neutro
1868,4,-0.39,Neutro
1868,5,-0.43,Neutro
1868,6,-0.22,Neutro
1868,7,0.11,Neutro
1868,8,-0.02,Neutro
1868,9,0.09,Neutro
1868,10,-0.2,Neutro
1868,11,-0.63,Negativa
1868,12,-0.81,Negativa
1869,1,-0.84,Negativa
1869,2,-0.16,Neutro
1869,3,0.33,Neutro
1869,4,1.23,Positiva
1869,5,3.56,Positiva
1869,6,3.84,Positiva
1869,7,3.78,Positiva
1869,8,1.2,Positiva
1869,9,-0.12,Neutro
1869,10,-0.4,Neutro
1869,11,-0.63,Negativa
1869,12,-0.46,Neutro
1870,1,0.23,Neutro
1870,2,-0.19,Neutro
1870,3,0.03,Neutro
1870,4,-0.3,Neutro
1870,5,-0.14,Neutro
1870,6,-0.37,Neutro
1870,7,-0.13,Neutro
1870,8,0.05,Neutro
1870,9,-0.49,Neutro
1870,10,-0.7,Negativa
1870,11,-0.88,Negativa
1870,12,-0.94,Negativa
1871,1,-0.44,Neutro
1871,2,0.0,Neutro
1871,3,-0.18,Neutro
1871,4,-0.51,Negativa
1871,5,-0.93,Negativa
1871,6,-0.36,Neutro
1871,7,-0.38,Neutro
1871,8,-0.09,Neutro
1871,9,-0.58,Negativa
1871,10,-0.8,Negativa
1871,11,-0.9,Negativa
1871,12,-0.29,Neutro
1872,1,-0.39,Neutro
1872,2,-0.55,Negativa
1872,3,-0.2,Neutro
1872,4,-0.49,Neutro
1872,5,-0.03,Neutro
1872,6,-0.82,Negativa
1872,7,-0.95,Negativa
1872,8,-1.02,Negativa
1872,9,-0.51,Negativa
1872,10,-0.11,Neutro
1872,11,-1.74,Negativa
1872,12,-2.1,Negativa
1873,1,-2.06,Negativa
1873,2,-2.11,Negativa
1873,3,-1.67,Negativa
1873,4,-0.69,Negativa
1873,5,-0.49,Neutro
1873,6,-0.8,Negativa
1873,7,-1.14,Negativa
1873,8,-1.05,Negativa
1873,9,-0.87,Negativa
1873,10,-0.7,Negativa
1873,11,-1.06,Negativa
1873,12,-0.86,Negativa
1874,1,-0.74,Negativa
1874,2,-1.18,Negativa
1874,3,-0.24,Neutro
1874,4,0.16,Neutro
1874,5,0.01,Neutro
1874,6,-0.26,Neutro
1874,7,-0.21,Neutro
1874,8,0.31,Neutro
1874,9,0.15,Neutro
1874,10,-0.04,Neutro
1874,11,-0.0,Neutro
1874,12,-1.13,Negativa
1875,1,-1.42,Negativa
1875,2,-1.53,Negativa
1875,3,-1.18,Negativa
1875,4,-1.24,Negativa
1875,5,-0.65,Negativa
1875,6,-0.79,Negativa
1875,7,-0.64,Negativa
1875,8,-0.8,Negativa
1875,9,-0.64,Negativa
1875,10,-1.19,Negativa
1875,11,-0.9,Negativa
1875,12,0.11,Neutro
1876,1,-0.96,Negativa
1876,2,-0.74,Negativa
1876,3,-0.91,Negativa
1876,4,-1.53,Negativa
1876,5,-1.57,Negativa
1876,6,-0.82,Negativa
1876,7,-2.21,Negativa
1876,8,-2.16,Negativa
1876,9,-1.48,Negativa
1876,10,-0.4,Neutro
1876,11,-0.04,Neutro
1876,12,-0.24,Neutro
1877,1,-0.13,Neutro
1877,2,-0.08,Neutro
1877,3,-0.08,Neutro
1877,4,-0.68,Negativa
1877,5,-0.82,Negativa
1877,6,-1.18,Negativa
1877,7,-0.37,Neutro
1877,8,-0.62,Negativa
1877,9,-0.24,Neutro
1877,10,0.02,Neutro
1877,11,0.46,Neutro
1877,12,0.07,Neutro
1878,1,0.18,Neutro
1878,2,0.85,Positiva
1878,3,0.96,Positiva
1878,4,1.49,Positiva
1878,5,1.48,Positiva
1878,6,0.9,Positiva
1878,7,0.46,Neutro
1878,8,-0.63,Negativa
1878,9,-1.97,Negativa
1878,10,-1.68,Negativa
1878,11,-0.51,Negativa
1878,12,1.31,Positiva
1879,1,0.2,Neutro
1879,2,0.13,Neutro
1879,3,0.23,Neutro
1879,4,0.61,Positiva
1879,5,-0.56,Negativa
1879,6,-0.91,Negativa
1879,7,-1.6,Negativa
1879,8,-0.62,Negativa
1879,9,-0.52,Negativa
1879,10,-0.75,Negativa
1879,11,-0.64,Negativa
1879,12,-0.2,Neutro
1880,1,0.44,Neutro
1880,2,-0.45,Neutro
1880,3,-1.51,Negativa
1880,4,-2.42,Negativa
1880,5,-2.97,Negativa
1880,6,-3.15,Negativa
1880,7,-2.27,Negativa
1880,8,-1.79,Negativa
1880,9,-1.77,Negativa
1880,10,0.02,Neutro
1880,11,-0.4,Neutro
1880,12,-0.06,Neutro
1881,1,-0.48,Neutro
1881,2,-0.15,Neutro
1881,3,-0.02,Neutro
1881,4,0.17,Neutro
1881,5,0.5,Neutro
1881,6,0.24,Neutro
1881,7,-1.3,Negativa
1881,8,-2.31,Negativa
1881,9,0.16,Neutro
1881,10,0.34,Neutro
1881,11,0.2,Neutro
1881,12,-0.55,Negativa
1882,1,-2.06,Negativa
1882,2,-1.92,Negativa
1882,3,-1.79,Negativa
1882,4,-1.6,Negativa
1882,5,-1.51,Negativa
1882,6,-1.71,Negativa
1882,7,-3.18,Negativa
1882,8,-1.1,Negativa
1882,9,-0.81,Negativa
1882,10,-1.07,Negativa
1882,11,-0.34,Neutro
1882,12,0.66,Positiva
1883,1,-0.97,Negativa
1883,2,-1.32,Negativa
1883,3,-1.4,Negativa
1883,4,-0.32,Neutro
1883,5,-0.67,Negativa
1883,6,-1.25,Negativa
1883,7,-2.82,Negativa
1883,8,-2.36,Negativa
1883,9,-1.75,Negativa
1883,10,-1.47,Negativa
1883,11,-1.07,Negativa
1883,12,-1.67,Negativa
1884,1,-1.77,Negativa
1884,2,-1.95,Negativa
1884,3,-1.42,Negativa
1884,4,-0.53,Negativa
1884,5,0.41,Neutro
1884,6,0.84,Positiva
1884,7,1.1,Positiva
1884,8,1.0,Positiva
1884,9,0.74,Positiva
1884,10,1.08,Positiva
1884,11,2.16,Positiva
1884,12,2.35,Positiva
1885,1,2.57,Positiva
1885,2,1.02,Positiva
1885,3,1.72,Positiva
1885,4,1.47,Positiva
1885,5,0.7,Positiva
1885,6,-0.41,Neutro
1885,7,-0.68,Negativa
1885,8,-0.06,Neutro
1885,9,-0.15,Neutro
1885,10,-0.05,Neutro
1885,11,-0.32,Neutro
1885,12,-0.34,Neutro
1886,1,-0.52,Negativa
1886,2,0.62,Positiva
1886,3,-0.48,Neutro
1886,4,0.35,Neutro
1886,5,-0.2,Neutro
1886,6,-1.17,Negativa
1886,7,-0.3,Neutro
1886,8,-0.39,Neutro
1886,9,-0.44,Neutro
1886,10,-1.3,Negativa
1886,11,-2.63,Negativa
1886,12,-1.79,Negativa
1887,1,-0.93,Negativa
1887,2,-1.41,Negativa
1887,3,-2.04,Negativa
1887,4,-1.49,Negativa
1887,5,-0.33,Neutro
1887,6,0.69,Positiva
1887,7,1.54,Positiva
1887,8,-0.87,Negativa
1887,9,-1.96,Negativa
1887,10,-1.33,Negativa
1887,11,-0.97,Negativa
1887,12,-1.07,Negativa
1888,1,-0.98,Negativa
1888,2,-0.11,Neutro
1888,3,0.1,Neutro
1888,4,0.02,Neutro
1888,5,1.48,Positiva
1888,6,1.68,Positiva
1888,7,1.78,Positiva
1888,8,1.13,Positiva
1888,9,1.04,Positiva
1888,10,0.6,Positiva
1888,11,0.76,Positiva
1888,12,0.47,Neutro
1889,1,0.44,Neutro
1889,2,-0.01,Neutro
1889,3,0.14,Neutro
1889,4,0.88,Positiva
1889,5,1.16,Positiva
1889,6,1.12,Positiva
1889,7,0.13,Neutro
1889,8,-1.02,Negativa
1889,9,-1.27,Negativa
1889,10,-0.42,Neutro
1889,11,1.34,Positiva
1889,12,-0.16,Neutro
1890,1,-0.66,Negativa
1890,2,-1.09,Negativa
1890,3,-1.49,Negativa
1890,4,-1.1,Negativa
1890,5,-1.34,Negativa
1890,6,-3.41,Negativa
1890,7,-1.4,Negativa
1890,8,-0.99,Negativa
1890,9,0.83,Positiva
1890,10,-0.45,Neutro
1890,11,-1.04,Negativa
1890,12,-1.31,Negativa
1891,1,-0.52,Negativa
1891,2,-0.8,Negativa
1891,3,-1.02,Negativa
1891,4,-0.48,Neutro
1891,5,0.87,Positiva
1891,6,1.01,Positiva
1891,7,1.13,Positiva
1891,8,0.64,Positiva
1891,9,0.3,Neutro
1891,10,0.89,Positiva
1891,11,0.03,Neutro
1891,12,-0.18,Neutro
1892,1,-1.15,Negativa
1892,2,-1.42,Negativa
1892,3,-0.96,Negativa
1892,4,-1.32,Negativa
1892,5,-2.76,Negativa
1892,6,-1.94,Negativa
1892,7,-1.65,Negativa
1892,8,-2.85,Negativa
1892,9,-2.46,Negativa
1892,10,-2.82,Negativa
1892,11,-2.36,Negativa
1892,12,-1.13,Negativa
1893,1,-0.51,Negativa
1893,2,-0.67,Negativa
1893,3,-0.93,Negativa
1893,4,-1.6,Negativa
1893,5,-2.45,Negativa
1893,6,-2.13,Negativa
1893,7,-2.14,Negativa
1893,8,-0.41,Neutro
1893,9,0.06,Neutro
1893,10,-0.54,Negativa
1893,11,-0.71,Negativa
1893,12,-1.49,Negativa
1894,1,-1.42,Negativa
1894,2,-2.17,Negativa
1894,3,-3.2,Negativa
1894,4,-3.15,Negativa
1894,5,-3.35,Negativa
1894,6,-2.75,Negativa
1894,7,-2.98,Negativa
1894,8,-1.91,Negativa
1894,9,-2.02,Negativa
1894,10,-2.56,Negativa
1894,11,-2.77,Negativa
1894,12,-1.17,Negativa
1895,1,-0.86,Negativa
1895,2,-0.64,Negativa
1895,3,-0.65,Negativa
1895,4,-1.13,Negativa
1895,5,-0.48,Neutro
1895,6,-0.74,Negativa
1895,7,0.43,Neutro
1895,8,-0.16,Neutro
1895,9,-1.34,Negativa
1895,10,-0.84,Negativa
1895,11,-1.23,Negativa
1895,12,-0.27,Neutro
1896,1,0.32,Neutro
1896,2,0.2,Neutro
1896,3,-0.17,Neutro
1896,4,-0.91,Negativa
1896,5,-1.32,Negativa
1896,6,-0.68,Negativa
1896,7,-0.32,Neutro
1896,8,-0.18,Neutro
1896,9,0.99,Positiva
1896,10,0.26,Neutro
1896,11,0.29,Neutro
1896,12,0.21,Neutro
1897,1,0.38,Neutro
1897,2,-0.29,Neutro
1897,3,-0.62,Negativa
1897,4,-0.06,Neutro
1897,5,0.67,Positiva
1897,6,0.8,Positiva
1897,7,0.57,Positiva
1897,8,-0.0,Neutro
1897,9,-0.7,Negativa
1897,10,0.31,Neutro
1897,11,0.58,Positiva
1897,12,0.05,Neutro
1898,1,-0.08,Neutro
1898,2,-0.27,Neutro
1898,3,-0.42,Neutro
1898,4,0.21,Neutro
1898,5,-0.39,Neutro
1898,6,0.29,Neutro
1898,7,-0.36,Neutro
1898,8,0.43,Neutro
1898,9,0.29,Neutro
1898,10,0.27,Neutro
1898,11,0.55,Positiva
1898,12,0.6,Positiva
1899,1,0.08,Neutro
1899,2,-1.27,Negativa
1899,3,-0.75,Negativa
1899,4,-0.51,Negativa
1899,5,-1.07,Negativa
1899,6,-1.48,Negativa
1899,7,-0.14,Neutro
1899,8,0.32,Neutro
1899,9,0.35,Neutro
1899,10,-0.37,Neutro
1899,11,0.3,Neutro
1899,12,0.32,Neutro
1900,1,0.81,Positiva
1900,2,0.2,Neutro
1900,3,0.61,Positiva
1900,4,1.85,Positiva
1900,5,1.49,Positiva
1900,6,1.23,Positiva
1900,7,1.07,Positiva
1900,8,1.15,Positiva
1900,9,-0.4,Neutro
1900,10,0.08,Neutro
1900,11,0.57,Positiva
1900,12,1.02,Positiva
1901,1,1.13,Positiva
1901,2,0.65,Positiva
1901,3,-0.33,Neutro
1901,4,-0.45,Neutro
1901,5,-0.99,Negativa
1901,6,-0.84,Negativa
1901,7,-1.33,Negativa
1901,8,-0.73,Negativa
1901,9,-0.07,Neutro
1901,10,0.25,Neutro
1901,11,-0.08,Neutro
1901,12,0.56,Positiva
1902,1,1.37,Positiva
1902,2,0.53,Positiva
1902,3,0.4,Neutro
1902,4,0.64,Positiva
1902,5,1.36,Positiva
1902,6,2.33,Positiva
1902,7,3.04,Positiva
1902,8,1.81,Positiva
1902,9,0.89,Positiva
1902,10,1.11,Positiva
1902,11,0.74,Positiva
1902,12,0.44,Neutro
1903,1,-0.04,Neutro
1903,2,0.1,Neutro
1903,3,-0.19,Neutro
1903,4,-1.08,Negativa
1903,5,-0.37,Neutro
1903,6,0.04,Neutro
1903,7,1.49,Positiva
1903,8,1.35,Positiva
1903,9,0.54,Positiva
1903,10,0.72,Positiva
1903,11,0.22,Neutro
1903,12,0.6,Positiva
1904,1,1.41,Positiva
1904,2,0.54,Positiva
1904,3,0.72,Positiva
1904,4,0.07,Neutro
1904,5,0.47,Neutro
1904,6,-0.07,Neutro
1904,7,0.05,Neutro
1904,8,1.64,Positiva
1904,9,2.24,Positiva
1904,10,1.8,Positiva
1904,11,1.93,Positiva
1904,12,3.12,Positiva
1905,1,2.75,Positiva
1905,2,1.71,Positiva
1905,3,1.04,Positiva
1905,4,2.05,Positiva
1905,5,1.31,Positiva
1905,6,1.56,Positiva
1905,7,2.31,Positiva
1905,8,2.41,Positiva
1905,9,2.1,Positiva
1905,10,-0.41,Neutro
1905,11,0.74,Positiva
1905,12,-0.98,Negativa
1906,1,1.36,Positiva
1906,2,1.26,Positiva
1906,3,0.5,Neutro
1906,4,0.43,Neutro
1906,5,1.45,Positiva
1906,6,0.93,Positiva
1906,7,1.35,Positiva
1906,8,0.94,Positiva
1906,9,0.11,Neutro
1906,10,0.94,Positiva
1906,11,0.89,Positiva
1906,12,-0.43,Neutro
1907,1,-0.68,Negativa
1907,2,-0.36,Neutro
1907,3,-1.88,Negativa
1907,4,-1.58,Negativa
1907,5,0.23,Neutro
1907,6,0.96,Positiva
1907,7,0.59,Positiva
1907,8,-0.31,Neutro
1907,9,0.78,Positiva
1907,10,1.84,Positiva
1907,11,1.77,Positiva
1907,12,1.94,Positiva
1908,1,1.72,Positiva
1908,2,1.67,Positiva
1908,3,0.51,Positiva
1908,4,-0.08,Neutro
1908,5,0.16,Neutro
1908,6,0.21,Neutro
1908,7,0.42,Neutro
1908,8,-0.72,Negativa
1908,9,0.71,Positiva
1908,10,0.94,Positiva
1908,11,1.88,Positiva
1908,12,1.34,Positiva
1909,1,0.69,Positiva
1909,2,0.86,Positiva
1909,3,0.93,Positiva
1909,4,0.28,Neutro
1909,5,-0.17,Neutro
1909,6,-0.65,Negativa
1909,7,-1.39,Negativa
1909,8,-2.3,Negativa
1909,9,-1.97,Negativa
1909,10,-1.25,Negativa
1909,11,-1.36,Negativa
1909,12,-2.21,Negativa
1910,1,-1.71,Negativa
1910,2,-1.23,Negativa
1910,3,-0.9,Negativa
1910,4,-1.97,Negativa
1910,5,-2.33,Negativa
1910,6,-0.35,Neutro
1910,7,-0.08,Neutro
1910,8,-0.73,Negativa
1910,9,0.73,Positiva
1910,10,-0.96,Negativa
1910,11,-0.59,Negativa
1910,12,0.39,Neutro
1911,1,-0.3,Neutro
1911,2,-1.21,Negativa
1911,3,-1.26,Negativa
1911,4,-0.56,Negativa
1911,5,-0.71,Negativa
1911,6,-1.51,Negativa
1911,7,-0.38,Neutro
1911,8,0.08,Neutro
1911,9,-0.26,Neutro
1911,10,-0.12,Neutro
1911,11,-0.38,Neutro
1911,12,-0.97,Negativa
1912,1,-0.21,Neutro
1912,2,-0.02,Neutro
1912,3,-0.44,Neutro
1912,4,-0.51,Negativa
1912,5,-0.04,Neutro
1912,6,0.45,Neutro
1912,7,0.26,Neutro
1912,8,0.34,Neutro
1912,9,1.23,Positiva
1912,10,0.82,Positiva
1912,11,0.05,Neutro
1912,12,0.06,Neutro
1913,1,-0.25,Neutro
1913,2,0.11,Neutro
1913,3,-0.23,Neutro
1913,4,-0.85,Negativa
1913,5,0.1,Neutro
1913,6,0.32,Neutro
1913,7,0.9,Positiva
1913,8,1.12,Positiva
1913,9,0.76,Positiva
1913,10,0.4,Neutro
1913,11,0.44,Neutro
1913,12,0.11,Neutro
1914,1,-0.28,Neutro
1914,2,-0.3,Neutro
1914,3,0.04,Neutro
1914,4,0.82,Positiva
1914,5,0.47,Neutro
1914,6,-0.83,Negativa
1914,7,-1.01,Negativa
1914,8,-0.97,Negativa
1914,9,-1.17,Negativa
1914,10,-0.74,Negativa
1914,11,-0.35,Neutro
1914,12,-0.07,Neutro
1915,1,-0.42,Neutro
1915,2,-0.53,Negativa
1915,3,0.35,Neutro
1915,4,1.26,Positiva
1915,5,1.54,Positiva
1915,6,1.53,Positiva
1915,7,1.24,Positiva
1915,8,0.5,Neutro
1915,9,-0.08,Neutro
1915,10,-1.51,Negativa
1915,11,-1.45,Negativa
1915,12,-0.82,Negativa
1916,1,-1.56,Negativa
1916,2,-1.55,Negativa
1916,3,-1.3,Negativa
1916,4,-0.59,Negativa
1916,5,-0.49,Neutro
1916,6,-1.69,Negativa
1916,7,-1.68,Negativa
1916,8,-2.24,Negativa
1916,9,-2.05,Negativa
1916,10,-1.82,Negativa
1916,11,-2.48,Negativa
1916,12,-2.44,Negativa
1917,1,-1.71,Negativa
1917,2,-1.73,Negativa
1917,3,-1.94,Negativa
1917,4,-1.78,Negativa
1917,5,-1.19,Negativa
1917,6,-1.06,Negativa
1917,7,-0.9,Negativa
1917,8,-0.75,Negativa
1917,9,-1.15,Negativa
1917,10,-1.42,Negativa
1917,11,-0.74,Negativa
1917,12,-0.52,Negativa
1918,1,0.42,Neutro
1918,2,-0.13,Neutro
1918,3,-0.94,Negativa
1918,4,-0.85,Negativa
1918,5,-1.07,Negativa
1918,6,-0.57,Negativa
1918,7,-0.0,Neutro
1918,8,0.22,Neutro
1918,9,0.41,Neutro
1918,10,1.31,Positiva
1918,11,1.33,Positiva
1918,12,0.55,Positiva
1919,1,0.47,Neutro
1919,2,-0.05,Neutro
1919,3,-0.64,Negativa
1919,4,-0.63,Negativa
1919,5,-1.05,Negativa
1919,6,-1.53,Negativa
1919,7,-1.87,Negativa
1919,8,-0.92,Negativa
1919,9,-0.31,Neutro
1919,10,-0.6,Negativa
1919,11,-0.77,Negativa
1919,12,-0.39,Neutro
1920,1,-1.08,Negativa
1920,2,-0.77,Negativa
1920,3,-0.9,Negativa
1920,4,-1.33,Negativa
1920,5,-1.24,Negativa
1920,6,-1.28,Negativa
1920,7,-1.59,Negativa
1920,8,-2.26,Negativa
1920,9,-2.19,Negativa
1920,10,-1.79,Negativa
1920,11,-0.8,Negativa
1920,12,-0.69,Negativa
1921,1,-1.09,Negativa
1921,2,-1.55,Negativa
1921,3,-0.85,Negativa
1921,4,-1.63,Negativa
1921,5,-1.5,Negativa
1921,6,-1.05,Negativa
1921,7,-1.58,Negativa
1921,8,-2.01,Negativa
1921,9,-1.5,Negativa
1921,10,-1.58,Negativa
1921,11,-0.81,Negativa
1921,12,0.0,Neutro
1922,1,0.07,Neutro
1922,2,-1.26,Negativa
1922,3,-1.63,Negativa
1922,4,-1.81,Negativa
1922,5,-1.89,Negativa
1922,6,-1.27,Negativa
1922,7,-0.74,Negativa
1922,8,-0.56,Negativa
1922,9,-0.49,Neutro
1922,10,-0.27,Neutro
1922,11,-0.74,Negativa
1922,12,0.46,Neutro
1923,1,0.24,Neutro
1923,2,-0.75,Negativa
1923,3,-1.01,Negativa
1923,4,-0.51,Negativa
1923,5,0.18,Neutro
1923,6,-0.98,Negativa
1923,7,0.6,Positiva
1923,8,0.21,Neutro
1923,9,-0.25,Neutro
1923,10,0.26,Neutro
1923,11,-0.26,Neutro
1923,12,-0.22,Neutro
1924,1,-0.7,Negativa
1924,2,-0.67,Negativa
1924,3,-0.47,Neutro
1924,4,-1.23,Negativa
1924,5,-0.53,Negativa
1924,6,-0.39,Neutro
1924,7,-1.01,Negativa
1924,8,-1.41,Negativa
1924,9,-1.73,Negativa
1924,10,-2.13,Negativa
1924,11,-1.4,Negativa
1924,12,-0.27,Neutro
1925,1,-0.93,Negativa
1925,2,-0.62,Negativa
1925,3,-0.65,Negativa
1925,4,-1.14,Negativa
1925,5,-0.51,Negativa
1925,6,-1.03,Negativa
1925,7,-0.69,Negativa
1925,8,-0.72,Negativa
1925,9,0.09,Neutro
1925,10,0.26,Neutro
1925,11,0.94,Positiva
1925,12,0.72,Positiva
1926,1,1.12,Positiva
1926,2,1.26,Positiva
1926,3,1.23,Positiva
1926,4,1.81,Positiva
1926,5,2.29,Positiva
1926,6,1.63,Positiva
1926,7,2.14,Positiva
1926,8,1.7,Positiva
1926,9,1.62,Positiva
1926,10,1.79,Positiva
1926,11,2.55,Positiva
1926,12,2.11,Positiva
1927,1,0.91,Positiva
1927,2,1.33,Positiva
1927,3,0.89,Positiva
1927,4,-0.03,Neutro
1927,5,-0.12,Neutro
1927,6,0.56,Positiva
1927,7,-0.28,Neutro
1927,8,-0.76,Negativa
1927,9,0.03,Neutro
1927,10,-0.63,Negativa
1927,11,-0.24,Neutro
1927,12,-0.08,Neutro
1928,1,0.45,Neutro
1928,2,0.75,Positiva
1928,3,0.88,Positiva
1928,4,0.42,Neutro
1928,5,0.48,Neutro
1928,6,0.96,Positiva
1928,7,-0.68,Negativa
1928,8,-0.86,Negativa
1928,9,-1.79,Negativa
1928,10,-1.05,Negativa
1928,11,0.09,Neutro
1928,12,0.6,Positiva
1929,1,0.83,Positiva
1929,2,0.24,Neutro
1929,3,0.04,Neutro
1929,4,0.23,Neutro
1929,5,0.48,Neutro
1929,6,0.6,Positiva
1929,7,0.03,Neutro
1929,8,-0.12,Neutro
1929,9,1.01,Positiva
1929,10,1.02,Positiva
1929,11,0.64,Positiva
1929,12,1.55,Positiva
1930,1,1.29,Positiva
1930,2,0.77,Positiva
1930,3,0.3,Neutro
1930,4,0.19,Neutro
1930,5,0.1,Neutro
1930,6,0.02,Neutro
1930,7,-0.0,Neutro
1930,8,-0.2,Neutro
1930,9,0.33,Neutro
1930,10,0.01,Neutro
1930,11,-0.02,Neutro
1930,12,0.84,Positiva
1931,1,1.25,Positiva
1931,2,1.18,Positiva
1931,3,1.14,Positiva
1931,4,1.61,Positiva
1931,5,2.0,Positiva
1931,6,1.76,Positiva
1931,7,2.08,Positiva
1931,8,0.74,Positiva
1931,9,0.85,Positiva
1931,10,0.09,Neutro
1931,11,-0.21,Neutro
1931,12,-0.84,Negativa
1932,1,-1.22,Negativa
1932,2,-1.63,Negativa
1932,3,-0.65,Negativa
1932,4,0.49,Neutro
1932,5,-0.03,Neutro
1932,6,-0.15,Neutro
1932,7,-0.23,Neutro
1932,8,-0.29,Neutro
1932,9,-1.14,Negativa
1932,10,-0.02,Neutro
1932,11,-0.32,Neutro
1932,12,0.16,Neutro
1933,1,-0.7,Negativa
1933,2,-1.08,Negativa
1933,3,-1.05,Negativa
1933,4,-0.84,Negativa
1933,5,-1.83,Negativa
1933,6,-2.36,Negativa
1933,7,-3.32,Negativa
1933,8,-2.92,Negativa
1933,9,-2.97,Negativa
1933,10,-1.83,Negativa
1933,11,-0.49,Neutro
1933,12,-0.66,Negativa
1934,1,-0.41,Neutro
1934,2,0.1,Neutro
1934,3,0.88,Positiva
1934,4,1.26,Positiva
1934,5,0.79,Positiva
1934,6,-0.27,Neutro
1934,7,0.18,Neutro
1934,8,1.23,Positiva
1934,9,1.13,Positiva
1934,10,1.91,Positiva
1934,11,1.64,Positiva
1934,12,1.51,Positiva
1935,1,0.72,Positiva
1935,2,0.11,Neutro
1935,3,-0.26,Neutro
1935,4,0.1,Neutro
1935,5,0.73,Positiva
1935,6,1.23,Positiva
1935,7,0.62,Positiva
1935,8,0.35,Neutro
1935,9,0.42,Neutro
1935,10,0.4,Neutro
1935,11,0.23,Neutro
1935,12,1.53,Positiva
1936,1,2.17,Positiva
1936,2,1.6,Positiva
1936,3,1.19,Positiva
1936,4,1.19,Positiva
1936,5,1.64,Positiva
1936,6,2.24,Positiva
1936,7,2.79,Positiva
1936,8,1.95,Positiva
1936,9,0.98,Positiva
1936,10,2.15,Positiva
1936,11,2.83,Positiva
1936,12,1.52,Positiva
1937,1,0.06,Neutro
1937,2,-0.45,Neutro
1937,3,-0.28,Neutro
1937,4,-0.69,Negativa
1937,5,-0.39,Neutro
1937,6,1.16,Positiva
1937,7,-0.32,Neutro
1937,8,-0.98,Negativa
1937,9,0.01,Neutro
1937,10,0.52,Positiva
1937,11,0.97,Positiva
1937,12,1.06,Positiva
1938,1,1.53,Positiva
1938,2,0.28,Neutro
1938,3,-0.45,Neutro
1938,4,-0.22,Neutro
1938,5,-0.59,Negativa
1938,6,-0.62,Negativa
1938,7,-0.63,Negativa
1938,8,-0.57,Negativa
1938,9,-0.26,Neutro
1938,10,0.78,Positiva
1938,11,0.04,Neutro
1938,12,1.14,Positiva
1939,1,1.17,Positiva
1939,2,-0.1,Neutro
1939,3,-0.63,Negativa
1939,4,0.03,Neutro
1939,5,0.12,Neutro
1939,6,-0.07,Neutro
1939,7,-1.1,Negativa
1939,8,-1.31,Negativa
1939,9,-1.54,Negativa
1939,10,-1.49,Negativa
1939,11,-0.9,Negativa
1939,12,1.44,Positiva
1940,1,1.82,Positiva
1940,2,1.55,Positiva
1940,3,1.87,Positiva
1940,4,2.06,Positiva
1940,5,1.76,Positiva
1940,6,2.07,Positiva
1940,7,1.82,Positiva
1940,8,1.31,Positiva
1940,9,1.09,Positiva
1940,10,1.28,Positiva
1940,11,1.55,Positiva
1940,12,2.68,Positiva
1941,1,2.67,Positiva
1941,2,2.86,Positiva
1941,3,2.43,Positiva
1941,4,2.31,Positiva
1941,5,2.07,Positiva
1941,6,2.83,Positiva
1941,7,3.01,Positiva
1941,8,3.22,Positiva
1941,9,2.04,Positiva
1941,10,1.14,Positiva
1941,11,1.51,Positiva
1941,12,2.21,Positiva
1942,1,2.48,Positiva
1942,2,1.96,Positiva
1942,3,1.11,Positiva
1942,4,0.97,Positiva
1942,5,0.53,Positiva
1942,6,0.77,Positiva
1942,7,0.58,Positiva
1942,8,0.6,Positiva
1942,9,0.37,Neutro
1942,10,0.23,Neutro
1942,11,-0.13,Neutro
1942,12,-0.93,Negativa
1943,1,-1.62,Negativa
1943,2,-0.7,Negativa
1943,3,0.32,Neutro
1943,4,1.28,Positiva
1943,5,0.58,Positiva
1943,6,-0.14,Neutro
1943,7,-0.22,Neutro
1943,8,-1.88,Negativa
1943,9,-1.61,Negativa
1943,10,-1.48,Negativa
1943,11,-0.18,Neutro
1943,12,1.98,Positiva
1944,1,1.58,Positiva
1944,2,0.25,Neutro
1944,3,-0.53,Negativa
1944,4,-0.87,Negativa
1944,5,-1.76,Negativa
1944,6,-2.1,Negativa
1944,7,-1.49,Negativa
1944,8,-1.0,Negativa
1944,9,-1.94,Negativa
1944,10,-1.5,Negativa
1944,11,-0.81,Negativa
1944,12,-0.48,Neutro
1945,1,-0.09,Neutro
1945,2,-0.34,Neutro
1945,3,-0.06,Neutro
1945,4,-0.37,Neutro
1945,5,-0.38,Neutro
1945,6,0.16,Neutro
1945,7,0.31,Neutro
1945,8,-0.61,Negativa
1945,9,-0.57,Negativa
1945,10,-0.42,Neutro
1945,11,-1.34,Negativa
1945,12,-1.99,Negativa
1946,1,-1.1,Negativa
1946,2,0.67,Positiva
1946,3,0.73,Positiva
1946,4,0.67,Positiva
1946,5,-0.45,Neutro
1946,6,-0.63,Negativa
1946,7,-0.07,Neutro
1946,8,-0.17,Neutro
1946,9,-0.15,Neutro
1946,10,-1.23,Negativa
1946,11,-1.82,Negativa
1946,12,-1.66,Negativa
1947,1,-0.15,Neutro
1947,2,0.22,Neutro
1947,3,0.31,Neutro
1947,4,0.1,Neutro
1947,5,-0.36,Neutro
1947,6,0.67,Positiva
1947,7,0.78,Positiva
1947,8,0.61,Positiva
1947,9,0.4,Neutro
1947,10,1.39,Positiva
1947,11,0.61,Positiva
1947,12,0.43,Neutro
1948,1,0.27,Neutro
1948,2,-0.32,Neutro
1948,3,-1.11,Negativa
1948,4,-1.13,Negativa
1948,5,-1.78,Negativa
1948,6,0.01,Neutro
1948,7,-0.1,Neutro
1948,8,-1.07,Negativa
1948,9,-1.07,Negativa
1948,10,-1.74,Negativa
1948,11,-0.92,Negativa
1948,12,-1.85,Negativa
1949,1,-2.82,Negativa
1949,2,-3.17,Negativa
1949,3,-1.82,Negativa
1949,4,-1.54,Negativa
1949,5,-1.37,Negativa
1949,6,-1.21,Negativa
1949,7,-1.48,Negativa
1949,8,-1.61,Negativa
1949,9,-1.6,Negativa
1949,10,-2.29,Negativa
1949,11,-1.08,Negativa
1949,12,-0.93,Negativa
1950,1,-1.61,Negativa
1950,2,-2.17,Negativa
1950,3,-1.89,Negativa
1950,4,-1.99,Negativa
1950,5,-3.19,Negativa
1950,6,-2.52,Negativa
1950,7,-3.65,Negativa
1950,8,-2.98,Negativa
1950,9,-2.4,Negativa
1950,10,-1.92,Negativa
1950,11,-1.45,Negativa
1950,12,-1.06,Negativa
1951,1,-1.19,Negativa
1951,2,-1.52,Negativa
1951,3,-1.72,Negativa
1951,4,-1.35,Negativa
1951,5,-1.29,Negativa
1951,6,-1.77,Negativa
1951,7,-0.23,Neutro
1951,8,-1.76,Negativa
1951,9,-0.78,Negativa
1951,10,-0.09,Neutro
1951,11,-0.31,Neutro
1951,12,-1.45,Negativa
1952,1,-2.19,Negativa
1952,2,-1.35,Negativa
1952,3,-1.67,Negativa
1952,4,-1.92,Negativa
1952,5,-2.07,Negativa
1952,6,-2.13,Negativa
1952,7,-2.05,Negativa
1952,8,-1.58,Negativa
1952,9,-1.36,Negativa
1952,10,-0.91,Negativa
1952,11,-0.53,Negativa
1952,12,-0.83,Negativa
1953,1,-0.16,Neutro
1953,2,-0.46,Neutro
1953,3,-1.27,Negativa
1953,4,-0.9,Negativa
1953,5,-0.55,Negativa
1953,6,-0.2,Neutro
1953,7,0.06,Neutro
1953,8,-0.92,Negativa
1953,9,-1.11,Negativa
1953,10,-1.48,Negativa
1953,11,-0.51,Negativa
1953,12,-0.18,Neutro
1954,1,-1.13,Negativa
1954,2,-0.95,Negativa
1954,3,-1.15,Negativa
1954,4,-1.25,Negativa
1954,5,-0.76,Negativa
1954,6,0.49,Neutro
1954,7,-0.08,Neutro
1954,8,-0.32,Neutro
1954,9,-1.05,Negativa
1954,10,0.02,Neutro
1954,11,0.85,Positiva
1954,12,0.49,Neutro
1955,1,-0.23,Neutro
1955,2,-1.01,Negativa
1955,3,-1.24,Negativa
1955,4,-2.21,Negativa
1955,5,-1.89,Negativa
1955,6,-2.18,Negativa
1955,7,-2.75,Negativa
1955,8,-2.66,Negativa
1955,9,-2.48,Negativa
1955,10,-3.35,Negativa
1955,11,-2.63,Negativa
1955,12,-2.2,Negativa
1956,1,-2.26,Negativa
1956,2,-2.28,Negativa
1956,3,-2.93,Negativa
1956,4,-2.55,Negativa
1956,5,-1.62,Negativa
1956,6,-1.98,Negativa
1956,7,-1.48,Negativa
1956,8,-1.0,Negativa
1956,9,-0.28,Neutro
1956,10,-1.66,Negativa
1956,11,-2.44,Negativa
1956,12,-1.27,Negativa
1957,1,-1.31,Negativa
1957,2,-1.57,Negativa
1957,3,-0.83,Negativa
1957,4,-0.81,Negativa
1957,5,-0.02,Neutro
1957,6,1.53,Positiva
1957,7,0.59,Positiva
1957,8,0.34,Neutro
1957,9,1.84,Positiva
1957,10,1.72,Positiva
1957,11,1.54,Positiva
1957,12,0.46,Neutro
1958,1,0.83,Positiva
1958,2,0.94,Positiva
1958,3,0.62,Positiva
1958,4,0.56,Positiva
1958,5,1.46,Positiva
1958,6,1.82,Positiva
1958,7,0.61,Positiva
1958,8,1.06,Positiva
1958,9,0.77,Positiva
1958,10,0.28,Neutro
1958,11,0.28,Neutro
1958,12,1.14,Positiva
1959,1,1.04,Positiva
1959,2,0.35,Neutro
1959,3,-0.14,Neutro
1959,4,-0.16,Neutro
1959,5,-0.13,Neutro
1959,6,0.23,Neutro
1959,7,-0.42,Neutro
1959,8,-0.31,Neutro
1959,9,-0.53,Negativa
1959,10,0.96,Positiva
1959,11,1.38,Positiva
1959,12,1.02,Positiva
1960,1,0.24,Neutro
1960,2,0.61,Positiva
1960,3,0.23,Neutro
1960,4,0.21,Neutro
1960,5,0.35,Neutro
1960,6,1.2,Positiva
1960,7,-0.42,Neutro
1960,8,-0.31,Neutro
1960,9,-0.96,Negativa
1960,10,-0.34,Neutro
1960,11,-0.34,Neutro
1960,12,0.0,Neutro
1961,1,0.89,Positiva
1961,2,0.92,Positiva
1961,3,0.64,Positiva
1961,4,0.28,Neutro
1961,5,-0.54,Negativa
1961,6,-0.7,Negativa
1961,7,-1.23,Negativa
1961,8,-0.87,Negativa
1961,9,-1.34,Negativa
1961,10,-1.78,Negativa
1961,11,-1.43,Negativa
1961,12,-1.73,Negativa
1962,1,-1.0,Negativa
1962,2,-0.87,Negativa
1962,3,-1.06,Negativa
1962,4,-0.95,Negativa
1962,5,-1.3,Negativa
1962,6,-1.71,Negativa
1962,7,-1.83,Negativa
1962,8,-0.66,Negativa
1962,9,-1.47,Negativa
1962,10,-1.76,Negativa
1962,11,-0.38,Neutro
1962,12,-0.23,Neutro
1963,1,0.12,Neutro
1963,2,0.15,Neutro
1963,3,-0.28,Neutro
1963,4,-0.27,Neutro
1963,5,-1.26,Negativa
1963,6,-0.6,Negativa
1963,7,-1.11,Negativa
1963,8,-1.01,Negativa
1963,9,1.08,Positiva
1963,10,0.34,Neutro
1963,11,-0.5,Neutro
1963,12,0.45,Neutro
1964,1,0.34,Neutro
1964,2,0.21,Neutro
1964,3,-0.71,Negativa
1964,4,-1.27,Negativa
1964,5,-2.39,Negativa
1964,6,-0.86,Negativa
1964,7,-1.08,Negativa
1964,8,-1.6,Negativa
1964,9,-1.35,Negativa
1964,10,-0.64,Negativa
1964,11,-0.68,Negativa
1964,12,-0.62,Negativa
1965,1,-0.95,Negativa
1965,2,-0.61,Negativa
1965,3,-0.17,Neutro
1965,4,-0.01,Neutro
1965,5,-0.66,Negativa
1965,6,-0.76,Negativa
1965,7,-0.74,Negativa
1965,8,0.32,Neutro
1965,9,0.83,Positiva
1965,10,0.3,Neutro
1965,11,0.47,Neutro
1965,12,0.25,Neutro
1966,1,-0.67,Negativa
1966,2,-0.43,Neutro
1966,3,-1.0,Negativa
1966,4,-0.37,Neutro
1966,5,-0.76,Negativa
1966,6,0.1,Neutro
1966,7,0.01,Neutro
1966,8,-0.29,Neutro
1966,9,-0.35,Neutro
1966,10,-0.6,Negativa
1966,11,-0.71,Negativa
1966,12,-0.21,Neutro
1967,1,-0.24,Neutro
1967,2,-0.25,Neutro
1967,3,-0.8,Negativa
1967,4,-1.13,Negativa
1967,5,-1.54,Negativa
1967,6,-1.2,Negativa
1967,7,-1.21,Negativa
1967,8,-1.55,Negativa
1967,9,-0.6,Negativa
1967,10,-0.06,Neutro
1967,11,0.36,Neutro
1967,12,-0.68,Negativa
1968,1,-0.65,Negativa
1968,2,-0.19,Neutro
1968,3,0.08,Neutro
1968,4,-0.69,Negativa
1968,5,-0.79,Negativa
1968,6,0.14,Neutro
1968,7,0.44,Neutro
1968,8,-0.01,Neutro
1968,9,0.26,Neutro
1968,10,-0.18,Neutro
1968,11,0.03,Neutro
1968,12,-0.29,Neutro
1969,1,-0.71,Negativa
1969,2,-1.22,Negativa
1969,3,-1.21,Negativa
1969,4,-1.07,Negativa
1969,5,-1.06,Negativa
1969,6,0.84,Positiva
1969,7,-0.37,Neutro
1969,8,-0.92,Negativa
1969,9,-1.07,Negativa
1969,10,0.95,Positiva
1969,11,0.58,Positiva
1969,12,1.13,Positiva
1970,1,1.06,Positiva
1970,2,1.01,Positiva
1970,3,1.2,Positiva
1970,4,0.31,Neutro
1970,5,-0.89,Negativa
1970,6,-0.12,Neutro
1970,7,-0.92,Negativa
1970,8,-1.79,Negativa
1970,9,-1.68,Negativa
1970,10,-1.2,Negativa
1970,11,-0.92,Negativa
1970,12,-0.91,Negativa
1971,1,-1.34,Negativa
1971,2,-1.45,Negativa
1971,3,-1.55,Negativa
1971,4,-1.7,Negativa
1971,5,-1.75,Negativa
1971,6,-1.86,Negativa
1971,7,-2.25,Negativa
1971,8,-0.32,Neutro
1971,9,-0.17,Neutro
1971,10,-0.35,Neutro
1971,11,-1.28,Negativa
1971,12,-1.77,Negativa
1972,1,-2.12,Negativa
1972,2,-1.95,Negativa
1972,3,-1.53,Negativa
1972,4,-1.7,Negativa
1972,5,-2.16,Negativa
1972,6,-1.84,Negativa
1972,7,-1.48,Negativa
1972,8,-0.11,Neutro
1972,9,-0.2,Neutro
1972,10,-0.22,Neutro
1972,11,-0.05,Neutro
1972,12,-0.37,Neutro
1973,1,-0.15,Neutro
1973,2,-0.55,Negativa
1973,3,-0.88,Negativa
1973,4,-1.35,Negativa
1973,5,-1.59,Negativa
1973,6,-1.44,Negativa
1973,7,-1.4,Negativa
1973,8,-1.56,Negativa
1973,9,-1.05,Negativa
1973,10,-1.36,Negativa
1973,11,-1.42,Negativa
1973,12,-0.89,Negativa
1974,1,-0.86,Negativa
1974,2,-1.38,Negativa
1974,3,-1.21,Negativa
1974,4,-0.62,Negativa
1974,5,-0.72,Negativa
1974,6,-0.37,Neutro
1974,7,0.02,Neutro
1974,8,-0.27,Neutro
1974,9,0.71,Positiva
1974,10,0.19,Neutro
1974,11,0.61,Positiva
1974,12,0.27,Neutro
1975,1,-0.65,Negativa
1975,2,-0.93,Negativa
1975,3,-1.07,Negativa
1975,4,-1.79,Negativa
1975,5,-2.08,Negativa
1975,6,-1.61,Negativa
1975,7,-0.84,Negativa
1975,8,-1.56,Negativa
1975,9,-1.6,Negativa
1975,10,-1.59,Negativa
1975,11,-1.73,Negativa
1975,12,-1.49,Negativa
1976,1,-1.08,Negativa
1976,2,-1.01,Negativa
1976,3,-1.31,Negativa
1976,4,-1.38,Negativa
1976,5,-1.23,Negativa
1976,6,-1.26,Negativa
1976,7,0.28,Neutro
1976,8,0.97,Positiva
1976,9,0.58,Positiva
1976,10,1.12,Positiva
1976,11,1.33,Positiva
1976,12,1.2,Positiva
1977,1,1.24,Positiva
1977,2,1.51,Positiva
1977,3,0.62,Positiva
1977,4,-0.25,Neutro
1977,5,-0.47,Neutro
1977,6,0.03,Neutro
1977,7,-0.06,Neutro
1977,8,-0.09,Neutro
1977,9,-0.64,Negativa
1977,10,-0.84,Negativa
1977,11,-0.45,Neutro
1977,12,-0.06,Neutro
1978,1,0.58,Positiva
1978,2,0.78,Positiva
1978,3,1.13,Positiva
1978,4,1.03,Positiva
1978,5,0.77,Positiva
1978,6,0.33,Neutro
1978,7,-1.62,Negativa
1978,8,-0.91,Negativa
1978,9,-0.78,Negativa
1978,10,0.07,Neutro
1978,11,-0.01,Neutro
1978,12,-0.51,Negativa
1979,1,-0.38,Neutro
1979,2,-1.29,Negativa
1979,3,-0.68,Negativa
1979,4,-0.12,Neutro
1979,5,0.57,Positiva
1979,6,0.22,Neutro
1979,7,0.3,Neutro
1979,8,0.05,Neutro
1979,9,0.88,Positiva
1979,10,1.1,Positiva
1979,11,0.58,Positiva
1979,12,0.06,Neutro
1980,1,0.06,Neutro
1980,2,0.58,Positiva
1980,3,0.62,Positiva
1980,4,0.78,Positiva
1980,5,0.64,Positiva
1980,6,-0.72,Negativa
1980,7,-0.21,Neutro
1980,8,0.08,Neutro
1980,9,-0.13,Neutro
1980,10,0.99,Positiva
1980,11,0.71,Positiva
1980,12,0.3,Neutro
1981,1,1.18,Positiva
1981,2,1.24,Positiva
1981,3,1.22,Positiva
1981,4,1.07,Positiva
1981,5,1.29,Positiva
1981,6,1.82,Positiva
1981,7,0.82,Positiva
1981,8,-0.05,Neutro
1981,9,0.43,Neutro
1981,10,-0.09,Neutro
1981,11,0.54,Positiva
1981,12,0.59,Positiva
1982,1,0.11,Neutro
1982,2,-0.19,Neutro
1982,3,-0.37,Neutro
1982,4,-0.7,Negativa
1982,5,-1.21,Negativa
1982,6,-0.99,Negativa
1982,7,0.12,Neutro
1982,8,-0.08,Neutro
1982,9,0.51,Positiva
1982,10,0.15,Neutro
1982,11,-0.6,Negativa
1982,12,0.16,Neutro
1983,1,0.4,Neutro
1983,2,0.97,Positiva
1983,3,1.73,Positiva
1983,4,1.26,Positiva
1983,5,1.01,Positiva
1983,6,1.9,Positiva
1983,7,2.47,Positiva
1983,8,1.18,Positiva
1983,9,0.47,Neutro
1983,10,0.68,Positiva
1983,11,1.19,Positiva
1983,12,1.72,Positiva
1984,1,1.42,Positiva
1984,2,1.23,Positiva
1984,3,1.56,Positiva
1984,4,1.0,Positiva
1984,5,0.87,Positiva
1984,6,-0.13,Neutro
1984,7,-0.35,Neutro
1984,8,0.01,Neutro
1984,9,0.18,Neutro
1984,10,0.43,Neutro
1984,11,0.54,Positiva
1984,12,0.48,Neutro
1985,1,0.87,Positiva
1985,2,0.48,Neutro
1985,3,-0.34,Neutro
1985,4,-0.52,Negativa
1985,5,-0.87,Negativa
1985,6,0.04,Neutro
1985,7,0.52,Positiva
1985,8,0.19,Neutro
1985,9,0.13,Neutro
1985,10,0.14,Neutro
1985,11,-0.65,Negativa
1985,12,0.33,Neutro
1986,1,1.04,Positiva
1986,2,1.47,Positiva
1986,3,1.68,Positiva
1986,4,1.21,Positiva
1986,5,0.85,Positiva
1986,6,0.62,Positiva
1986,7,1.05,Positiva
1986,8,-0.19,Neutro
1986,9,-0.03,Neutro
1986,10,1.0,Positiva
1986,11,1.68,Positiva
1986,12,1.71,Positiva
1987,1,1.47,Positiva
1987,2,1.46,Positiva
1987,3,1.35,Positiva
1987,4,1.38,Positiva
1987,5,0.82,Positiva
1987,6,0.05,Neutro
1987,7,1.38,Positiva
1987,8,1.74,Positiva
1987,9,1.44,Positiva
1987,10,0.68,Positiva
1987,11,0.93,Positiva
1987,12,0.94,Positiva
1988,1,0.23,Neutro
1988,2,0.47,Neutro
1988,3,0.49,Neutro
1988,4,0.34,Neutro
1988,5,0.37,Neutro
1988,6,0.21,Neutro
1988,7,-0.15,Neutro
1988,8,-0.88,Negativa
1988,9,-0.98,Negativa
1988,10,-0.36,Neutro
1988,11,-0.06,Neutro
1988,12,-0.14,Neutro
1989,1,-1.24,Negativa
1989,2,-1.45,Negativa
1989,3,-1.24,Negativa
1989,4,-0.32,Neutro
1989,5,-0.09,Neutro
1989,6,0.11,Neutro
1989,7,0.56,Positiva
1989,8,-0.44,Neutro
1989,9,-0.57,Negativa
1989,10,-0.51,Negativa
1989,11,-0.76,Negativa
1989,12,-0.1,Neutro
1990,1,-0.42,Neutro
1990,2,-1.28,Negativa
1990,3,-1.24,Negativa
1990,4,-0.15,Neutro
1990,5,-0.32,Neutro
1990,6,-0.25,Neutro
1990,7,-0.31,Neutro
1990,8,-0.43,Neutro
1990,9,-0.26,Neutro
1990,10,-1.16,Negativa
1990,11,-1.88,Negativa
1990,12,-2.22,Negativa
1991,1,-1.8,Negativa
1991,2,-1.09,Negativa
1991,3,-1.11,Negativa
1991,4,-1.63,Negativa
1991,5,-1.65,Negativa
1991,6,-2.25,Negativa
1991,7,-1.57,Negativa
1991,8,-0.58,Negativa
1991,9,0.37,Neutro
1991,10,0.41,Neutro
1991,11,0.56,Positiva
1991,12,-0.21,Neutro
1992,1,0.08,Neutro
1992,2,0.17,Neutro
1992,3,0.12,Neutro
1992,4,0.55,Positiva
1992,5,1.26,Positiva
1992,6,1.22,Positiva
1992,7,1.5,Positiva
1992,8,0.85,Positiva
1992,9,0.45,Neutro
1992,10,1.28,Positiva
1992,11,1.31,Positiva
1992,12,0.33,Neutro
1993,1,-0.28,Neutro
1993,2,0.02,Neutro
1993,3,0.24,Neutro
1993,4,1.0,Positiva
1993,5,1.79,Positiva
1993,6,2.05,Positiva
1993,7,1.48,Positiva
1993,8,1.96,Positiva
1993,9,1.15,Positiva
1993,10,1.31,Positiva
1993,11,1.13,Positiva
1993,12,0.67,Positiva
1994,1,0.85,Positiva
1994,2,0.33,Neutro
1994,3,0.27,Neutro
1994,4,0.49,Neutro
1994,5,0.55,Positiva
1994,6,0.1,Neutro
1994,7,-0.91,Negativa
1994,8,-0.88,Negativa
1994,9,-1.51,Negativa
1994,10,-1.06,Negativa
1994,11,-1.93,Negativa
1994,12,-2.22,Negativa
1995,1,-0.86,Negativa
1995,2,0.02,Neutro
1995,3,0.46,Neutro
1995,4,0.49,Neutro
1995,5,0.89,Positiva
1995,6,1.03,Positiva
1995,7,1.0,Positiva
1995,8,-0.11,Neutro
1995,9,1.22,Positiva
1995,10,0.64,Positiva
1995,11,0.05,Neutro
1995,12,0.44,Neutro
1996,1,1.01,Positiva
1996,2,1.01,Positiva
1996,3,0.85,Positiva
1996,4,1.37,Positiva
1996,5,2.13,Positiva
1996,6,1.1,Positiva
1996,7,0.57,Positiva
1996,8,-0.66,Negativa
1996,9,0.07,Neutro
1996,10,0.4,Neutro
1996,11,0.38,Neutro
1996,12,-0.03,Neutro
1997,1,0.44,Neutro
1997,2,0.29,Neutro
1997,3,0.39,Neutro
1997,4,0.73,Positiva
1997,5,1.59,Positiva
1997,6,2.55,Positiva
1997,7,1.49,Positiva
1997,8,2.27,Positiva
1997,9,1.8,Positiva
1997,10,1.78,Positiva
1997,11,1.48,Positiva
1997,12,0.99,Positiva
1998,1,1.05,Positiva
1998,2,1.52,Positiva
1998,3,1.29,Positiva
1998,4,0.03,Neutro
1998,5,-0.83,Negativa
1998,6,-0.78,Negativa
1998,7,-1.16,Negativa
1998,8,-0.87,Negativa
1998,9,-1.7,Negativa
1998,10,-2.23,Negativa
1998,11,-0.97,Negativa
1998,12,-1.09,Negativa
1999,1,-0.78,Negativa
1999,2,-1.06,Negativa
1999,3,-1.18,Negativa
1999,4,-1.85,Negativa
1999,5,-2.32,Negativa
1999,6,-2.34,Negativa
1999,7,-1.87,Negativa
1999,8,-1.84,Negativa
1999,9,-2.24,Negativa
1999,10,-2.54,Negativa
1999,11,-2.18,Negativa
1999,12,-1.92,Negativa
2000,1,-2.2,Negativa
2000,2,-1.28,Negativa
2000,3,-0.66,Negativa
2000,4,-0.63,Negativa
2000,5,-0.81,Negativa
2000,6,-0.64,Negativa
2000,7,-1.51,Negativa
2000,8,-1.68,Negativa
2000,9,-1.45,Negativa
2000,10,-1.61,Negativa
2000,11,-1.04,Negativa
2000,12,0.0,Neutro
2001,1,0.48,Neutro
2001,2,-0.01,Neutro
2001,3,-0.41,Neutro
2001,4,-1.18,Negativa
2001,5,-1.12,Negativa
2001,6,-1.22,Negativa
2001,7,-2.21,Negativa
2001,8,-1.68,Negativa
2001,9,-1.98,Negativa
2001,10,-1.91,Negativa
2001,11,-1.25,Negativa
2001,12,-1.12,Negativa
2002,1,-0.42,Neutro
2002,2,-1.51,Negativa
2002,3,-1.27,Negativa
2002,4,-1.23,Negativa
2002,5,-1.3,Negativa
2002,6,-1.18,Negativa
2002,7,-0.71,Negativa
2002,8,0.11,Neutro
2002,9,-0.21,Neutro
2002,10,-0.2,Neutro
2002,11,1.08,Positiva
2002,12,1.57,Positiva
2003,1,1.45,Positiva
2003,2,1.23,Positiva
2003,3,1.01,Positiva
2003,4,0.36,Neutro
2003,5,0.21,Neutro
2003,6,-0.42,Neutro
2003,7,0.37,Neutro
2003,8,0.63,Positiva
2003,9,-0.17,Neutro
2003,10,0.74,Positiva
2003,11,-0.23,Neutro
2003,12,-0.6,Negativa
2004,1,-0.55,Negativa
2004,2,-0.21,Neutro
2004,3,-0.15,Neutro
2004,4,-0.0,Neutro
2004,5,0.61,Positiva
2004,6,-0.11,Neutro
2004,7,0.04,Neutro
2004,8,0.24,Neutro
2004,9,0.02,Neutro
2004,10,-0.72,Negativa
2004,11,-1.22,Negativa
2004,12,-0.64,Negativa
2005,1,-0.15,Neutro
2005,2,-0.01,Neutro
2005,3,0.7,Positiva
2005,4,0.28,Neutro
2005,5,1.36,Positiva
2005,6,0.85,Positiva
2005,7,0.11,Neutro
2005,8,-0.42,Neutro
2005,9,-0.99,Negativa
2005,10,-2.0,Negativa
2005,11,-1.89,Negativa
2005,12,-0.1,Neutro
2006,1,0.54,Positiva
2006,2,0.38,Neutro
2006,3,-0.74,Negativa
2006,4,-0.54,Negativa
2006,5,-0.37,Neutro
2006,6,0.21,Neutro
2006,7,0.39,Neutro
2006,8,-0.85,Negativa
2006,9,-1.54,Negativa
2006,10,-0.46,Neutro
2006,11,-0.81,Negativa
2006,12,-0.42,Neutro
2007,1,-0.69,Negativa
2007,2,-0.71,Negativa
2007,3,-1.1,Negativa
2007,4,-0.46,Neutro
2007,5,-0.29,Neutro
2007,6,-0.07,Neutro
2007,7,0.43,Neutro
2007,8,0.09,Neutro
2007,9,-0.97,Negativa
2007,10,-2.33,Negativa
2007,11,-1.46,Negativa
2007,12,-0.87,Negativa
2008,1,-1.5,Negativa
2008,2,-1.46,Negativa
2008,3,-1.26,Negativa
2008,4,-1.79,Negativa
2008,5,-1.62,Negativa
2008,6,-1.85,Negativa
2008,7,-1.96,Negativa
2008,8,-1.85,Negativa
2008,9,-1.87,Negativa
2008,10,-1.9,Negativa
2008,11,-1.59,Negativa
2008,12,-1.31,Negativa
2009,1,-1.81,Negativa
2009,2,-1.78,Negativa
2009,3,-2.06,Negativa
2009,4,-2.23,Negativa
2009,5,-1.32,Negativa
2009,6,-0.73,Negativa
2009,7,-0.71,Negativa
2009,8,-0.49,Neutro
2009,9,0.33,Neutro
2009,10,-0.13,Neutro
2009,11,-0.94,Negativa
2009,12,-0.51,Negativa
2010,1,0.05,Neutro
2010,2,0.25,Neutro
2010,3,-0.16,Neutro
2010,4,-0.04,Neutro
2010,5,-0.18,Neutro
2010,6,-0.79,Negativa
2010,7,-1.99,Negativa
2010,8,-2.21,Negativa
2010,9,-2.45,Negativa
2010,10,-1.6,Negativa
2010,11,-1.57,Negativa
2010,12,-2.04,Negativa
2011,1,-1.8,Negativa
2011,2,-1.46,Negativa
2011,3,-1.28,Negativa
2011,4,-1.02,Negativa
2011,5,-0.66,Negativa
2011,6,-1.08,Negativa
2011,7,-2.3,Negativa
2011,8,-2.37,Negativa
2011,9,-2.5,Negativa
2011,10,-1.92,Negativa
2011,11,-2.95,Negativa
2011,12,-2.4,Negativa
2012,1,-1.85,Negativa
2012,2,-1.35,Negativa
2012,3,-1.66,Negativa
2012,4,-1.01,Negativa
2012,5,-2.12,Negativa
2012,6,-1.63,Negativa
2012,7,-2.4,Negativa
2012,8,-2.6,Negativa
2012,9,-2.99,Negativa
2012,10,-1.22,Negativa
2012,11,-0.66,Negativa
2012,12,-1.31,Negativa
2013,1,-1.1,Negativa
2013,2,-1.42,Negativa
2013,3,-1.48,Negativa
2013,4,-0.72,Negativa
2013,5,-0.4,Neutro
2013,6,-1.19,Negativa
2013,7,-1.34,Negativa
2013,8,-1.56,Negativa
2013,9,-1.0,Negativa
2013,10,-1.65,Negativa
2013,11,-1.09,Negativa
2013,12,-1.04,Negativa
2014,1,-0.57,Negativa
2014,2,-0.42,Neutro
2014,3,0.3,Neutro
2014,4,0.36,Neutro
2014,5,1.27,Positiva
2014,6,-0.28,Neutro
2014,7,0.25,Neutro
2014,8,0.34,Neutro
2014,9,0.76,Positiva
2014,10,1.43,Positiva
2014,11,1.35,Positiva
2014,12,1.86,Positiva
2015,1,1.51,Positiva
2015,2,1.52,Positiva
2015,3,1.33,Positiva
2015,4,0.9,Positiva
2015,5,0.32,Neutro
2015,6,0.82,Positiva
2015,7,1.41,Positiva
2015,8,0.98,Positiva
2015,9,0.97,Positiva
2015,10,0.84,Positiva
2015,11,0.17,Neutro
2015,12,0.29,Neutro
2016,1,0.75,Positiva
2016,2,1.29,Positiva
2016,3,1.56,Positiva
2016,4,1.74,Positiva
2016,5,1.6,Positiva
2016,6,0.87,Positiva
2016,7,0.57,Positiva
2016,8,-0.63,Negativa
2016,9,-0.8,Negativa
2016,10,-0.43,Neutro
2016,11,0.96,Positiva
2016,12,0.61,Positiva
2017,1,-0.06,Neutro
2017,2,-0.02,Neutro
2017,3,0.1,Neutro
2017,4,0.56,Positiva
2017,5,0.45,Neutro
2017,6,0.33,Neutro
2017,7,-0.45,Neutro
2017,8,-0.63,Negativa
2017,9,-0.2,Neutro
2017,10,-0.68,Negativa
2017,11,-0.6,Negativa
2017,12,-0.03,Neutro
2018,1,0.38,Neutro
2018,2,-0.09,Neutro
2018,3,-0.72,Negativa
2018,4,-0.82,Negativa
2018,5,-0.47,Neutro
2018,6,-0.66,Negativa
2018,7,-0.03,Neutro
2018,8,-0.24,Neutro
2018,9,-0.35,Neutro
2018,10,-0.57,Negativa
2018,11,-0.7,Negativa
2018,12,-0.21,Neutro
2019,1,-0.34,Neutro
2019,2,-0.72,Negativa
2019,3,-0.4,Neutro
2019,4,0.09,Neutro
2019,5,0.26,Neutro
2019,6,-0.06,Neutro
2019,7,0.52,Positiva
2019,8,-0.0,Neutro
2019,9,0.13,Neutro
2019,10,-0.9,Negativa
2019,11,-0.51,Negativa
2019,12,-0.0,Neutro
2020,1,-1.41,Negativa
2020,2,-1.48,Negativa
2020,3,-1.75,Negativa
2020,4,-1.32,Negativa
2020,5,-0.52,Negativa
2020,6,-0.75,Negativa
2020,7,-0.92,Negativa
2020,8,-1.33,Negativa
2020,9,-1.04,Negativa
2020,10,-0.62,Negativa
2020,11,-1.58,Negativa
2020,12,-0.98,Negativa
2021,1,-0.61,Negativa
2021,2,-1.09,Negativa
2021,3,-1.67,Negativa
2021,4,-1.84,Negativa
2021,5,-2.04,Negativa
2021,6,-1.82,Negativa
2021,7,-2.0,Negativa
2021,8,-0.95,Negativa
2021,9,-1.96,Negativa
2021,10,-3.14,Negativa
2021,11,-2.75,Negativa
2021,12,-2.71,Negativa
2022,1,-2.4,Negativa
2022,2,-1.91,Negativa
2022,3,-1.67,Negativa
2022,4,-2.09,Negativa
2022,5,-2.23,Negativa
2022,6,-1.31,Negativa
2022,7,-2.63,Negativa
2022,8,-2.38,Negativa
2022,9,-2.28,Negativa
2022,10,-1.81,Negativa
2022,11,-2.4,Negativa
2022,12,-2.21,Negativa
2023,1,-1.24,Negativa
2023,2,-1.65,Negativa
2023,3,-2.45,Negativa
2023,4,-3.08,Negativa
2023,5,-2.41,Negativa
2023,6,-2.55,Negativa
2023,7,-2.54,Negativa
2023,8,-2.48,Negativa
2023,9,-2.99,Negativa
2023,10,-2.23,Negativa
2023,11,-1.79,Negativa
2023,12,-1.66,Negativa
2024,1,-1.57,Negativa
2024,2,-1.34,Negativa
2024,3,-1.54,Negativa
2024,4,-2.11,Negativa
2024,5,-2.98,Negativa
2024,6,-3.15,Negativa
2024,7,-3.01,Negativa
2024,8,-2.91,Negativa
2024,9,-3.56,Negativa
2024,10,-3.8,Negativa
2024,11,-3.13,Negativa
2024,12,-2.03,Negativa
2025,1,-1.29,Negativa
2025,2,-1.4,Negativa
2025,3,-1.12,Negativa
2025,4,-1.15,Negativa
2025,5,-1.66,Negativa
2025,6,-2.64,Negativa
2025,7,-4.21,Negativa
2025,8,-3.23,Negativa
2025,9,-2.31,Negativa
2025,10,-2.37,Negativa
2025,11,-1.51,Negativa
2025,12,-0.96,Negativa
2026,1,-1.24,Negativa
2026,2,-1.0,Negativa
2026,3,-1.44,Negativa
2026,4,99.99,Positiva
2026,5,99.99,Positiva
2026,6,99.99,Positiva
2026,7,99.99,Positiva
2026,8,99.99,Positiva
2026,9,99.99,Positiva
2026,10,99.99,Positiva
2026,11,99.99,Positiva
2026,12,99.99,Positiva
