trimestre,año,sst_total,anomalia,estado_enso
DJF,1950,24.72,-1.53,La Niña
JFM,1950,25.17,-1.34,La Niña
FMA,1950,25.75,-1.16,La Niña
MAM,1950,26.12,-1.18,La Niña
AMJ,1950,26.32,-1.07,La Niña
MJJ,1950,26.31,-0.85,La Niña
JJA,1950,26.21,-0.54,La Niña
JAS,1950,25.96,-0.42,Neutro
ASO,1950,25.76,-0.39,Neutro
SON,1950,25.63,-0.44,Neutro
OND,1950,25.48,-0.6,La Niña
NDJ,1950,25.34,-0.8,La Niña
DJF,1951,25.42,-0.82,La Niña
JFM,1951,25.96,-0.54,La Niña
FMA,1951,26.74,-0.17,Neutro
MAM,1951,27.48,0.18,Neutro
AMJ,1951,27.75,0.36,Neutro
MJJ,1951,27.75,0.58,El Niño
JJA,1951,27.44,0.7,El Niño
JAS,1951,27.28,0.89,El Niño
ASO,1951,27.14,0.99,El Niño
SON,1951,27.22,1.15,El Niño
OND,1951,27.12,1.04,El Niño
NDJ,1951,26.95,0.81,El Niño
DJF,1952,26.78,0.53,El Niño
JFM,1952,26.87,0.37,Neutro
FMA,1952,27.25,0.34,Neutro
MAM,1952,27.6,0.29,Neutro
AMJ,1952,27.59,0.2,Neutro
MJJ,1952,27.17,0.0,Neutro
JJA,1952,26.67,-0.08,Neutro
JAS,1952,26.39,0.0,Neutro
ASO,1952,26.3,0.15,Neutro
SON,1952,26.17,0.1,Neutro
OND,1952,26.13,0.04,Neutro
NDJ,1952,26.29,0.15,Neutro
DJF,1953,26.65,0.4,Neutro
JFM,1953,27.1,0.6,El Niño
FMA,1953,27.53,0.63,El Niño
MAM,1953,27.96,0.66,El Niño
AMJ,1953,28.14,0.75,El Niño
MJJ,1953,27.94,0.77,El Niño
JJA,1953,27.49,0.75,El Niño
JAS,1953,27.12,0.73,El Niño
ASO,1953,26.93,0.78,El Niño
SON,1953,26.91,0.84,El Niño
OND,1953,26.92,0.84,El Niño
NDJ,1953,26.95,0.81,El Niño
DJF,1954,27.0,0.76,El Niño
JFM,1954,26.97,0.47,Neutro
FMA,1954,26.86,-0.05,Neutro
MAM,1954,26.89,-0.41,Neutro
AMJ,1954,26.85,-0.54,La Niña
MJJ,1954,26.67,-0.5,La Niña
JJA,1954,26.1,-0.64,La Niña
JAS,1954,25.54,-0.84,La Niña
ASO,1954,25.25,-0.9,La Niña
SON,1954,25.3,-0.77,La Niña
OND,1954,25.35,-0.73,La Niña
NDJ,1954,25.48,-0.66,La Niña
DJF,1955,25.57,-0.68,La Niña
JFM,1955,25.89,-0.62,La Niña
FMA,1955,26.22,-0.69,La Niña
MAM,1955,26.5,-0.8,La Niña
AMJ,1955,26.6,-0.79,La Niña
MJJ,1955,26.45,-0.72,La Niña
JJA,1955,26.06,-0.68,La Niña
JAS,1955,25.64,-0.75,La Niña
ASO,1955,25.06,-1.09,La Niña
SON,1955,24.65,-1.42,La Niña
OND,1955,24.41,-1.67,La Niña
NDJ,1955,24.72,-1.47,La Niña
DJF,1956,25.23,-1.11,La Niña
JFM,1956,25.86,-0.76,La Niña
FMA,1956,26.37,-0.63,La Niña
MAM,1956,26.82,-0.54,La Niña
AMJ,1956,26.93,-0.52,La Niña
MJJ,1956,26.72,-0.51,La Niña
JJA,1956,26.23,-0.57,La Niña
JAS,1956,25.87,-0.55,La Niña
ASO,1956,25.71,-0.46,Neutro
SON,1956,25.67,-0.42,Neutro
OND,1956,25.67,-0.43,Neutro
NDJ,1956,25.77,-0.43,Neutro
DJF,1957,26.09,-0.25,Neutro
JFM,1957,26.68,0.06,Neutro
FMA,1957,27.41,0.41,Neutro
MAM,1957,28.08,0.72,El Niño
AMJ,1957,28.37,0.92,El Niño
MJJ,1957,28.34,1.11,El Niño
JJA,1957,28.06,1.25,El Niño
JAS,1957,27.75,1.32,El Niño
ASO,1957,27.5,1.33,El Niño
SON,1957,27.48,1.39,El Niño
OND,1957,27.64,1.53,El Niño
NDJ,1957,27.94,1.74,El Niño
DJF,1958,28.15,1.81,El Niño
JFM,1958,28.27,1.66,El Niño
FMA,1958,28.26,1.27,El Niño
MAM,1958,28.28,0.93,El Niño
AMJ,1958,28.19,0.74,El Niño
MJJ,1958,27.87,0.64,El Niño
JJA,1958,27.38,0.57,El Niño
JAS,1958,26.85,0.43,Neutro
ASO,1958,26.56,0.39,Neutro
SON,1958,26.53,0.44,Neutro
OND,1958,26.6,0.5,El Niño
NDJ,1958,26.81,0.61,El Niño
DJF,1959,26.95,0.61,El Niño
JFM,1959,27.24,0.62,El Niño
FMA,1959,27.51,0.52,El Niño
MAM,1959,27.68,0.33,Neutro
AMJ,1959,27.65,0.2,Neutro
MJJ,1959,27.16,-0.07,Neutro
JJA,1959,26.63,-0.18,Neutro
JAS,1959,26.15,-0.28,Neutro
ASO,1959,26.08,-0.09,Neutro
SON,1959,26.07,-0.03,Neutro
OND,1959,26.15,0.05,Neutro
NDJ,1959,26.16,-0.04,Neutro
DJF,1960,26.24,-0.1,Neutro
JFM,1960,26.51,-0.1,Neutro
FMA,1960,26.92,-0.07,Neutro
MAM,1960,27.39,0.03,Neutro
AMJ,1960,27.47,0.02,Neutro
MJJ,1960,27.26,0.03,Neutro
JJA,1960,26.93,0.13,Neutro
JAS,1960,26.66,0.24,Neutro
ASO,1960,26.44,0.27,Neutro
SON,1960,26.3,0.2,Neutro
OND,1960,26.23,0.12,Neutro
NDJ,1960,26.23,0.05,Neutro
DJF,1961,26.34,0.04,Neutro
JFM,1961,26.58,0.03,Neutro
FMA,1961,26.96,0.04,Neutro
MAM,1961,27.35,0.09,Neutro
AMJ,1961,27.59,0.23,Neutro
MJJ,1961,27.42,0.27,Neutro
JJA,1961,26.9,0.14,Neutro
JAS,1961,26.27,-0.13,Neutro
ASO,1961,25.89,-0.3,Neutro
SON,1961,25.85,-0.26,Neutro
OND,1961,25.91,-0.19,Neutro
NDJ,1961,26.0,-0.16,Neutro
DJF,1962,26.05,-0.24,Neutro
JFM,1962,26.32,-0.22,Neutro
FMA,1962,26.71,-0.2,Neutro
MAM,1962,27.0,-0.26,Neutro
AMJ,1962,27.09,-0.28,Neutro
MJJ,1962,26.96,-0.2,Neutro
JJA,1962,26.72,-0.04,Neutro
JAS,1962,26.34,-0.07,Neutro
ASO,1962,26.07,-0.11,Neutro
SON,1962,25.88,-0.22,Neutro
OND,1962,25.79,-0.31,Neutro
NDJ,1962,25.73,-0.43,Neutro
DJF,1963,25.89,-0.4,Neutro
JFM,1963,26.39,-0.15,Neutro
FMA,1963,27.07,0.15,Neutro
MAM,1963,27.53,0.27,Neutro
AMJ,1963,27.68,0.31,Neutro
MJJ,1963,27.67,0.52,El Niño
JJA,1963,27.62,0.86,El Niño
JAS,1963,27.54,1.14,El Niño
ASO,1963,27.4,1.22,El Niño
SON,1963,27.4,1.29,El Niño
OND,1963,27.47,1.37,El Niño
NDJ,1963,27.47,1.31,El Niño
DJF,1964,27.36,1.07,El Niño
JFM,1964,27.16,0.62,El Niño
FMA,1964,27.03,0.12,Neutro
MAM,1964,26.93,-0.33,Neutro
AMJ,1964,26.78,-0.58,La Niña
MJJ,1964,26.57,-0.58,La Niña
JJA,1964,26.16,-0.6,La Niña
JAS,1964,25.74,-0.66,La Niña
ASO,1964,25.42,-0.76,La Niña
SON,1964,25.31,-0.8,La Niña
OND,1964,25.28,-0.82,La Niña
NDJ,1964,25.38,-0.78,La Niña
DJF,1965,25.69,-0.59,La Niña
JFM,1965,26.27,-0.28,Neutro
FMA,1965,26.85,-0.07,Neutro
MAM,1965,27.44,0.18,Neutro
AMJ,1965,27.82,0.46,Neutro
MJJ,1965,27.99,0.83,El Niño
JJA,1965,27.98,1.22,El Niño
JAS,1965,27.95,1.54,El Niño
ASO,1965,28.04,1.85,El Niño
SON,1965,28.09,1.98,El Niño
OND,1965,28.07,1.97,El Niño
NDJ,1965,27.91,1.72,El Niño
DJF,1966,27.72,1.37,El Niño
JFM,1966,27.81,1.17,El Niño
FMA,1966,27.98,0.98,El Niño
MAM,1966,27.97,0.66,El Niño
AMJ,1966,27.78,0.35,Neutro
MJJ,1966,27.5,0.24,Neutro
JJA,1966,27.14,0.24,Neutro
JAS,1966,26.69,0.12,Neutro
ASO,1966,26.32,-0.05,Neutro
SON,1966,26.24,-0.1,Neutro
OND,1966,26.16,-0.18,Neutro
NDJ,1966,26.04,-0.3,Neutro
DJF,1967,26.01,-0.41,Neutro
JFM,1967,26.17,-0.48,Neutro
FMA,1967,26.46,-0.53,La Niña
MAM,1967,26.87,-0.45,Neutro
AMJ,1967,27.19,-0.24,Neutro
MJJ,1967,27.26,-0.0,Neutro
JJA,1967,26.95,0.05,Neutro
JAS,1967,26.41,-0.16,Neutro
ASO,1967,26.08,-0.3,Neutro
SON,1967,25.96,-0.38,Neutro
OND,1967,26.0,-0.34,Neutro
NDJ,1967,25.9,-0.44,Neutro
DJF,1968,25.78,-0.64,La Niña
JFM,1968,25.91,-0.74,La Niña
FMA,1968,26.38,-0.62,La Niña
MAM,1968,26.88,-0.44,Neutro
AMJ,1968,27.39,-0.04,Neutro
MJJ,1968,27.54,0.28,Neutro
JJA,1968,27.48,0.58,El Niño
JAS,1968,27.1,0.53,El Niño
ASO,1968,26.82,0.45,Neutro
SON,1968,26.89,0.55,El Niño
OND,1968,27.07,0.73,El Niño
NDJ,1968,27.32,0.98,El Niño
DJF,1969,27.54,1.13,El Niño
JFM,1969,27.73,1.09,El Niño
FMA,1969,27.94,0.95,El Niño
MAM,1969,28.09,0.77,El Niño
AMJ,1969,28.04,0.61,El Niño
MJJ,1969,27.69,0.43,Neutro
JJA,1969,27.26,0.36,Neutro
JAS,1969,27.08,0.51,El Niño
ASO,1969,27.17,0.79,El Niño
SON,1969,27.2,0.86,El Niño
OND,1969,27.14,0.81,El Niño
NDJ,1969,26.98,0.63,El Niño
DJF,1970,26.93,0.51,El Niño
JFM,1970,26.98,0.34,Neutro
FMA,1970,27.29,0.29,Neutro
MAM,1970,27.51,0.19,Neutro
AMJ,1970,27.47,0.04,Neutro
MJJ,1970,26.96,-0.3,Neutro
JJA,1970,26.28,-0.63,La Niña
JAS,1970,25.81,-0.76,La Niña
ASO,1970,25.61,-0.77,La Niña
SON,1970,25.6,-0.74,La Niña
OND,1970,25.48,-0.86,La Niña
NDJ,1970,25.22,-1.15,La Niña
DJF,1971,25.1,-1.36,La Niña
JFM,1971,25.32,-1.38,La Niña
FMA,1971,25.92,-1.12,La Niña
MAM,1971,26.51,-0.85,La Niña
AMJ,1971,26.73,-0.73,La Niña
MJJ,1971,26.56,-0.74,La Niña
JJA,1971,26.15,-0.8,La Niña
JAS,1971,25.86,-0.77,La Niña
ASO,1971,25.64,-0.82,La Niña
SON,1971,25.58,-0.85,La Niña
OND,1971,25.46,-0.96,La Niña
NDJ,1971,25.52,-0.9,La Niña
DJF,1972,25.77,-0.71,La Niña
JFM,1972,26.35,-0.35,Neutro
FMA,1972,27.1,0.06,Neutro
MAM,1972,27.77,0.41,Neutro
AMJ,1972,28.13,0.67,El Niño
MJJ,1972,28.21,0.92,El Niño
JJA,1972,28.09,1.13,El Niño
JAS,1972,28.0,1.37,El Niño
ASO,1972,28.04,1.58,El Niño
SON,1972,28.26,1.84,El Niño
OND,1972,28.51,2.09,El Niño
NDJ,1972,28.54,2.12,El Niño
DJF,1973,28.32,1.84,El Niño
JFM,1973,27.95,1.25,El Niño
FMA,1973,27.59,0.54,El Niño
MAM,1973,27.26,-0.1,Neutro
AMJ,1973,26.92,-0.54,La Niña
MJJ,1973,26.42,-0.87,La Niña
JJA,1973,25.84,-1.11,La Niña
JAS,1973,25.35,-1.28,La Niña
ASO,1973,25.01,-1.45,La Niña
SON,1973,24.71,-1.71,La Niña
OND,1973,24.47,-1.95,La Niña
NDJ,1973,24.38,-2.03,La Niña
DJF,1974,24.64,-1.84,La Niña
JFM,1974,25.14,-1.55,La Niña
FMA,1974,25.82,-1.23,La Niña
MAM,1974,26.33,-1.03,La Niña
AMJ,1974,26.55,-0.91,La Niña
MJJ,1974,26.52,-0.77,La Niña
JJA,1974,26.42,-0.53,La Niña
JAS,1974,26.26,-0.37,Neutro
ASO,1974,26.06,-0.41,Neutro
SON,1974,25.82,-0.61,La Niña
OND,1974,25.67,-0.75,La Niña
NDJ,1974,25.78,-0.64,La Niña
DJF,1975,25.94,-0.54,La Niña
JFM,1975,26.13,-0.57,La Niña
FMA,1975,26.39,-0.65,La Niña
MAM,1975,26.63,-0.73,La Niña
AMJ,1975,26.64,-0.83,La Niña
MJJ,1975,26.31,-0.98,La Niña
JJA,1975,25.82,-1.13,La Niña
JAS,1975,25.43,-1.2,La Niña
ASO,1975,25.09,-1.37,La Niña
SON,1975,25.0,-1.43,La Niña
OND,1975,24.87,-1.55,La Niña
NDJ,1975,24.75,-1.65,La Niña
DJF,1976,24.9,-1.56,La Niña
JFM,1976,25.5,-1.17,La Niña
FMA,1976,26.28,-0.73,La Niña
MAM,1976,26.85,-0.47,Neutro
AMJ,1976,27.15,-0.28,Neutro
MJJ,1976,27.22,-0.05,Neutro
JJA,1976,27.15,0.18,Neutro
JAS,1976,27.04,0.35,Neutro
ASO,1976,27.15,0.62,El Niño
SON,1976,27.29,0.81,El Niño
OND,1976,27.32,0.86,El Niño
NDJ,1976,27.27,0.85,El Niño
DJF,1977,27.18,0.71,El Niño
JFM,1977,27.31,0.64,El Niño
FMA,1977,27.35,0.34,Neutro
MAM,1977,27.55,0.23,Neutro
AMJ,1977,27.64,0.21,Neutro
MJJ,1977,27.61,0.34,Neutro
JJA,1977,27.32,0.35,Neutro
JAS,1977,27.11,0.42,Neutro
ASO,1977,27.1,0.57,El Niño
SON,1977,27.21,0.73,El Niño
OND,1977,27.27,0.81,El Niño
NDJ,1977,27.21,0.79,El Niño
DJF,1978,27.15,0.69,El Niño
JFM,1978,27.09,0.42,Neutro
FMA,1978,27.08,0.06,Neutro
MAM,1978,27.14,-0.18,Neutro
AMJ,1978,27.11,-0.31,Neutro
MJJ,1978,26.98,-0.29,Neutro
JJA,1978,26.61,-0.36,Neutro
JAS,1978,26.27,-0.42,Neutro
ASO,1978,26.11,-0.42,Neutro
SON,1978,26.19,-0.29,Neutro
OND,1978,26.37,-0.08,Neutro
NDJ,1978,26.43,0.0,Neutro
DJF,1979,26.5,0.03,Neutro
JFM,1979,26.75,0.07,Neutro
FMA,1979,27.22,0.2,Neutro
MAM,1979,27.6,0.28,Neutro
AMJ,1979,27.66,0.23,Neutro
MJJ,1979,27.32,0.05,Neutro
JJA,1979,27.0,0.04,Neutro
JAS,1979,26.86,0.17,Neutro
ASO,1979,26.86,0.33,Neutro
SON,1979,26.94,0.45,Neutro
OND,1979,26.98,0.52,El Niño
NDJ,1979,27.06,0.64,El Niño
DJF,1980,27.06,0.59,El Niño
JFM,1980,27.13,0.46,Neutro
FMA,1980,27.35,0.34,Neutro
MAM,1980,27.7,0.38,Neutro
AMJ,1980,27.9,0.48,Neutro
MJJ,1980,27.73,0.46,Neutro
JJA,1980,27.22,0.25,Neutro
JAS,1980,26.72,0.03,Neutro
ASO,1980,26.46,-0.07,Neutro
SON,1980,26.5,0.02,Neutro
OND,1980,26.57,0.11,Neutro
NDJ,1980,26.48,-0.01,Neutro
DJF,1981,26.32,-0.26,Neutro
JFM,1981,26.32,-0.5,La Niña
FMA,1981,26.69,-0.47,Neutro
MAM,1981,27.11,-0.37,Neutro
AMJ,1981,27.31,-0.26,Neutro
MJJ,1981,27.09,-0.29,Neutro
JJA,1981,26.75,-0.3,Neutro
JAS,1981,26.5,-0.25,Neutro
ASO,1981,26.42,-0.16,Neutro
SON,1981,26.41,-0.13,Neutro
OND,1981,26.37,-0.15,Neutro
NDJ,1981,26.46,-0.08,Neutro
DJF,1982,26.56,-0.05,Neutro
JFM,1982,26.9,0.07,Neutro
FMA,1982,27.35,0.19,Neutro
MAM,1982,27.95,0.47,Neutro
AMJ,1982,28.23,0.66,El Niño
MJJ,1982,28.1,0.72,El Niño
JJA,1982,27.83,0.79,El Niño
JAS,1982,27.81,1.07,El Niño
ASO,1982,28.16,1.58,El Niño
SON,1982,28.5,1.97,El Niño
OND,1982,28.7,2.18,El Niño
NDJ,1982,28.76,2.23,El Niño
DJF,1983,28.79,2.18,El Niño
JFM,1983,28.75,1.92,El Niño
FMA,1983,28.71,1.54,El Niño
MAM,1983,28.76,1.29,El Niño
AMJ,1983,28.63,1.06,El Niño
MJJ,1983,28.1,0.72,El Niño
JJA,1983,27.36,0.31,Neutro
JAS,1983,26.66,-0.08,Neutro
ASO,1983,26.12,-0.46,Neutro
SON,1983,25.73,-0.81,La Niña
OND,1983,25.52,-1.0,La Niña
NDJ,1983,25.62,-0.91,La Niña
DJF,1984,26.01,-0.6,La Niña
JFM,1984,26.41,-0.42,Neutro
FMA,1984,26.83,-0.34,Neutro
MAM,1984,27.04,-0.43,Neutro
AMJ,1984,27.06,-0.51,La Niña
MJJ,1984,26.94,-0.45,Neutro
JJA,1984,26.74,-0.3,Neutro
JAS,1984,26.59,-0.16,Neutro
ASO,1984,26.34,-0.24,Neutro
SON,1984,25.98,-0.56,La Niña
OND,1984,25.61,-0.92,La Niña
NDJ,1984,25.39,-1.14,La Niña
DJF,1985,25.56,-1.04,La Niña
JFM,1985,25.98,-0.85,La Niña
FMA,1985,26.4,-0.77,La Niña
MAM,1985,26.69,-0.78,La Niña
AMJ,1985,26.79,-0.78,La Niña
MJJ,1985,26.76,-0.63,La Niña
JJA,1985,26.55,-0.49,Neutro
JAS,1985,26.29,-0.46,Neutro
ASO,1985,26.18,-0.4,Neutro
SON,1985,26.19,-0.35,Neutro
OND,1985,26.25,-0.27,Neutro
NDJ,1985,26.14,-0.36,Neutro
DJF,1986,26.05,-0.49,Neutro
JFM,1986,26.28,-0.47,Neutro
FMA,1986,26.81,-0.31,Neutro
MAM,1986,27.26,-0.2,Neutro
AMJ,1986,27.44,-0.12,Neutro
MJJ,1986,27.34,-0.04,Neutro
JJA,1986,27.26,0.22,Neutro
JAS,1986,27.2,0.44,Neutro
ASO,1986,27.31,0.71,El Niño
SON,1986,27.49,0.94,El Niño
OND,1986,27.64,1.14,El Niño
NDJ,1986,27.7,1.22,El Niño
DJF,1987,27.76,1.23,El Niño
JFM,1987,27.95,1.19,El Niño
FMA,1987,28.19,1.06,El Niño
MAM,1987,28.41,0.95,El Niño
AMJ,1987,28.53,0.97,El Niño
MJJ,1987,28.59,1.22,El Niño
JJA,1987,28.54,1.51,El Niño
JAS,1987,28.45,1.7,El Niño
ASO,1987,28.24,1.65,El Niño
SON,1987,28.03,1.48,El Niño
OND,1987,27.76,1.25,El Niño
NDJ,1987,27.59,1.11,El Niño
DJF,1988,27.34,0.81,El Niño
JFM,1988,27.29,0.54,El Niño
FMA,1988,27.27,0.14,Neutro
MAM,1988,27.15,-0.31,Neutro
AMJ,1988,26.69,-0.88,La Niña
MJJ,1988,26.08,-1.3,La Niña
JJA,1988,25.74,-1.3,La Niña
JAS,1988,25.65,-1.11,La Niña
ASO,1988,25.4,-1.19,La Niña
SON,1988,25.07,-1.48,La Niña
OND,1988,24.71,-1.8,La Niña
NDJ,1988,24.63,-1.85,La Niña
DJF,1989,24.84,-1.69,La Niña
JFM,1989,25.32,-1.43,La Niña
FMA,1989,26.04,-1.08,La Niña
MAM,1989,26.64,-0.83,La Niña
AMJ,1989,26.99,-0.58,La Niña
MJJ,1989,26.97,-0.4,Neutro
JJA,1989,26.73,-0.31,Neutro
JAS,1989,26.48,-0.27,Neutro
ASO,1989,26.35,-0.24,Neutro
SON,1989,26.33,-0.22,Neutro
OND,1989,26.34,-0.16,Neutro
NDJ,1989,26.43,-0.05,Neutro
DJF,1990,26.67,0.14,Neutro
JFM,1990,26.96,0.21,Neutro
FMA,1990,27.41,0.28,Neutro
MAM,1990,27.75,0.29,Neutro
AMJ,1990,27.86,0.29,Neutro
MJJ,1990,27.68,0.31,Neutro
JJA,1990,27.37,0.33,Neutro
JAS,1990,27.13,0.38,Neutro
ASO,1990,26.98,0.39,Neutro
SON,1990,26.89,0.35,Neutro
OND,1990,26.9,0.4,Neutro
NDJ,1990,26.94,0.41,Neutro
DJF,1991,27.02,0.41,Neutro
JFM,1991,27.15,0.26,Neutro
FMA,1991,27.48,0.22,Neutro
MAM,1991,27.85,0.26,Neutro
AMJ,1991,28.16,0.45,Neutro
MJJ,1991,28.17,0.64,El Niño
JJA,1991,27.94,0.73,El Niño
JAS,1991,27.57,0.64,El Niño
ASO,1991,27.41,0.62,El Niño
SON,1991,27.54,0.79,El Niño
OND,1991,27.91,1.21,El Niño
NDJ,1991,28.18,1.53,El Niño
DJF,1992,28.39,1.71,El Niño
JFM,1992,28.52,1.63,El Niño
FMA,1992,28.73,1.48,El Niño
MAM,1992,28.88,1.29,El Niño
AMJ,1992,28.76,1.06,El Niño
MJJ,1992,28.26,0.73,El Niño
JJA,1992,27.57,0.37,Neutro
JAS,1992,27.03,0.09,Neutro
ASO,1992,26.66,-0.13,Neutro
SON,1992,26.5,-0.25,Neutro
OND,1992,26.43,-0.28,Neutro
NDJ,1992,26.52,-0.13,Neutro
DJF,1993,26.77,0.09,Neutro
JFM,1993,27.18,0.3,Neutro
FMA,1993,27.75,0.5,El Niño
MAM,1993,28.27,0.67,El Niño
AMJ,1993,28.4,0.7,El Niño
MJJ,1993,28.1,0.57,El Niño
JJA,1993,27.53,0.32,Neutro
JAS,1993,27.19,0.25,Neutro
ASO,1993,26.94,0.15,Neutro
SON,1993,26.85,0.1,Neutro
OND,1993,26.75,0.04,Neutro
NDJ,1993,26.71,0.06,Neutro
DJF,1994,26.74,0.06,Neutro
JFM,1994,26.95,0.07,Neutro
FMA,1994,27.43,0.17,Neutro
MAM,1994,27.9,0.31,Neutro
AMJ,1994,28.12,0.42,Neutro
MJJ,1994,27.94,0.41,Neutro
JJA,1994,27.65,0.44,Neutro
JAS,1994,27.37,0.43,Neutro
ASO,1994,27.35,0.55,El Niño
SON,1994,27.49,0.74,El Niño
OND,1994,27.71,1.01,El Niño
NDJ,1994,27.74,1.09,El Niño
DJF,1995,27.64,0.96,El Niño
JFM,1995,27.61,0.72,El Niño
FMA,1995,27.79,0.53,El Niño
MAM,1995,27.9,0.3,Neutro
AMJ,1995,27.84,0.14,Neutro
MJJ,1995,27.5,-0.03,Neutro
JJA,1995,26.97,-0.24,Neutro
JAS,1995,26.4,-0.54,La Niña
ASO,1995,25.99,-0.81,La Niña
SON,1995,25.78,-0.97,La Niña
OND,1995,25.7,-1.0,La Niña
NDJ,1995,25.66,-0.98,La Niña
DJF,1996,25.76,-0.9,La Niña
JFM,1996,26.1,-0.75,La Niña
FMA,1996,26.65,-0.59,La Niña
MAM,1996,27.2,-0.39,Neutro
AMJ,1996,27.4,-0.31,Neutro
MJJ,1996,27.23,-0.3,Neutro
JJA,1996,26.93,-0.27,Neutro
JAS,1996,26.59,-0.32,Neutro
ASO,1996,26.39,-0.35,Neutro
SON,1996,26.28,-0.4,Neutro
OND,1996,26.17,-0.45,Neutro
NDJ,1996,26.09,-0.49,Neutro
DJF,1997,26.12,-0.5,La Niña
JFM,1997,26.49,-0.36,Neutro
FMA,1997,27.14,-0.1,Neutro
MAM,1997,27.87,0.28,Neutro
AMJ,1997,28.46,0.75,El Niño
MJJ,1997,28.75,1.22,El Niño
JJA,1997,28.8,1.6,El Niño
JAS,1997,28.81,1.9,El Niño
ASO,1997,28.88,2.14,El Niño
SON,1997,29.01,2.33,El Niño
OND,1997,29.02,2.4,El Niño
NDJ,1997,28.97,2.39,El Niño
DJF,1998,28.87,2.24,El Niño
JFM,1998,28.78,1.93,El Niño
FMA,1998,28.68,1.44,El Niño
MAM,1998,28.59,0.99,El Niño
AMJ,1998,28.16,0.45,Neutro
MJJ,1998,27.39,-0.13,Neutro
JJA,1998,26.42,-0.78,La Niña
JAS,1998,25.79,-1.12,La Niña
ASO,1998,25.44,-1.31,La Niña
SON,1998,25.32,-1.35,La Niña
OND,1998,25.14,-1.48,La Niña
NDJ,1998,25.01,-1.57,La Niña
DJF,1999,25.08,-1.55,La Niña
JFM,1999,25.55,-1.3,La Niña
FMA,1999,26.17,-1.07,La Niña
MAM,1999,26.62,-0.98,La Niña
AMJ,1999,26.68,-1.02,La Niña
MJJ,1999,26.49,-1.04,La Niña
JJA,1999,26.1,-1.1,La Niña
JAS,1999,25.8,-1.11,La Niña
ASO,1999,25.58,-1.16,La Niña
SON,1999,25.41,-1.26,La Niña
OND,1999,25.16,-1.46,La Niña
NDJ,1999,24.93,-1.65,La Niña
DJF,2000,24.96,-1.66,La Niña
JFM,2000,25.44,-1.41,La Niña
FMA,2000,26.17,-1.07,La Niña
MAM,2000,26.78,-0.81,La Niña
AMJ,2000,27.0,-0.71,La Niña
MJJ,2000,26.88,-0.64,La Niña
JJA,2000,26.65,-0.55,La Niña
JAS,2000,26.4,-0.51,La Niña
ASO,2000,26.2,-0.55,La Niña
SON,2000,26.05,-0.63,La Niña
OND,2000,25.88,-0.75,La Niña
NDJ,2000,25.81,-0.74,La Niña
DJF,2001,25.88,-0.68,La Niña
JFM,2001,26.26,-0.52,La Niña
FMA,2001,26.76,-0.44,Neutro
MAM,2001,27.25,-0.34,Neutro
AMJ,2001,27.49,-0.25,Neutro
MJJ,2001,27.47,-0.12,Neutro
JJA,2001,27.2,-0.08,Neutro
JAS,2001,26.86,-0.13,Neutro
ASO,2001,26.63,-0.19,Neutro
SON,2001,26.48,-0.29,Neutro
OND,2001,26.37,-0.35,Neutro
NDJ,2001,26.31,-0.31,Neutro
DJF,2002,26.44,-0.15,Neutro
JFM,2002,26.81,0.03,Neutro
FMA,2002,27.29,0.09,Neutro
MAM,2002,27.8,0.2,Neutro
AMJ,2002,28.18,0.43,Neutro
MJJ,2002,28.24,0.65,El Niño
JJA,2002,28.06,0.79,El Niño
JAS,2002,27.85,0.86,El Niño
ASO,2002,27.83,1.01,El Niño
SON,2002,27.97,1.21,El Niño
OND,2002,28.03,1.31,El Niño
NDJ,2002,27.76,1.14,El Niño
DJF,2003,27.51,0.92,El Niño
JFM,2003,27.41,0.63,El Niño
FMA,2003,27.58,0.38,Neutro
MAM,2003,27.56,-0.04,Neutro
AMJ,2003,27.48,-0.26,Neutro
MJJ,2003,27.42,-0.16,Neutro
JJA,2003,27.35,0.08,Neutro
JAS,2003,27.2,0.21,Neutro
ASO,2003,27.08,0.26,Neutro
SON,2003,27.05,0.29,Neutro
OND,2003,27.07,0.35,Neutro
NDJ,2003,26.97,0.35,Neutro
DJF,2004,26.95,0.37,Neutro
JFM,2004,27.08,0.31,Neutro
FMA,2004,27.43,0.23,Neutro
MAM,2004,27.76,0.17,Neutro
AMJ,2004,27.91,0.17,Neutro
MJJ,2004,27.87,0.28,Neutro
JJA,2004,27.74,0.47,Neutro
JAS,2004,27.63,0.64,El Niño
ASO,2004,27.52,0.7,El Niño
SON,2004,27.44,0.67,El Niño
OND,2004,27.38,0.66,El Niño
NDJ,2004,27.3,0.69,El Niño
DJF,2005,27.22,0.64,El Niño
JFM,2005,27.36,0.58,El Niño
FMA,2005,27.65,0.45,Neutro
MAM,2005,28.02,0.43,Neutro
AMJ,2005,28.03,0.29,Neutro
MJJ,2005,27.69,0.11,Neutro
JJA,2005,27.21,-0.06,Neutro
JAS,2005,26.85,-0.14,Neutro
ASO,2005,26.71,-0.11,Neutro
SON,2005,26.48,-0.29,Neutro
OND,2005,26.15,-0.57,La Niña
NDJ,2005,25.81,-0.84,La Niña
DJF,2006,25.8,-0.85,La Niña
JFM,2006,26.1,-0.77,La Niña
FMA,2006,26.73,-0.57,La Niña
MAM,2006,27.31,-0.37,Neutro
AMJ,2006,27.69,-0.14,Neutro
MJJ,2006,27.62,-0.03,Neutro
JJA,2006,27.4,0.1,Neutro
JAS,2006,27.26,0.3,Neutro
ASO,2006,27.3,0.54,El Niño
SON,2006,27.48,0.77,El Niño
OND,2006,27.62,0.94,El Niño
NDJ,2006,27.56,0.94,El Niño
DJF,2007,27.3,0.66,El Niño
JFM,2007,27.09,0.22,Neutro
FMA,2007,27.18,-0.12,Neutro
MAM,2007,27.37,-0.32,Neutro
AMJ,2007,27.45,-0.38,Neutro
MJJ,2007,27.18,-0.47,Neutro
JJA,2007,26.74,-0.56,La Niña
JAS,2007,26.15,-0.81,La Niña
ASO,2007,25.69,-1.07,La Niña
SON,2007,25.37,-1.34,La Niña
OND,2007,25.17,-1.5,La Niña
NDJ,2007,25.02,-1.6,La Niña
DJF,2008,25.0,-1.64,La Niña
JFM,2008,25.35,-1.52,La Niña
FMA,2008,26.01,-1.29,La Niña
MAM,2008,26.67,-1.01,La Niña
AMJ,2008,26.99,-0.84,La Niña
MJJ,2008,27.04,-0.61,La Niña
JJA,2008,26.92,-0.37,Neutro
JAS,2008,26.73,-0.23,Neutro
ASO,2008,26.52,-0.24,Neutro
SON,2008,26.36,-0.35,Neutro
OND,2008,26.12,-0.55,La Niña
NDJ,2008,25.88,-0.73,La Niña
DJF,2009,25.79,-0.85,La Niña
JFM,2009,26.08,-0.79,La Niña
FMA,2009,26.68,-0.61,La Niña
MAM,2009,27.36,-0.33,Neutro
AMJ,2009,27.84,0.01,Neutro
MJJ,2009,27.94,0.28,Neutro
JJA,2009,27.75,0.45,Neutro
JAS,2009,27.53,0.58,El Niño
ASO,2009,27.47,0.71,El Niño
SON,2009,27.72,1.01,El Niño
OND,2009,28.03,1.36,El Niño
NDJ,2009,28.18,1.56,El Niño
DJF,2010,28.14,1.5,El Niño
JFM,2010,28.09,1.22,El Niño
FMA,2010,28.14,0.84,El Niño
MAM,2010,28.04,0.35,Neutro
AMJ,2010,27.66,-0.17,Neutro
MJJ,2010,27.0,-0.66,La Niña
JJA,2010,26.25,-1.05,La Niña
JAS,2010,25.61,-1.35,La Niña
ASO,2010,25.21,-1.56,La Niña
SON,2010,25.07,-1.64,La Niña
OND,2010,25.03,-1.64,La Niña
NDJ,2010,25.02,-1.54,La Niña
DJF,2011,25.22,-1.31,La Niña
JFM,2011,25.68,-1.04,La Niña
FMA,2011,26.37,-0.8,La Niña
MAM,2011,26.95,-0.62,La Niña
AMJ,2011,27.28,-0.46,Neutro
MJJ,2011,27.21,-0.37,Neutro
JJA,2011,26.81,-0.43,Neutro
JAS,2011,26.33,-0.58,La Niña
ASO,2011,25.93,-0.79,La Niña
SON,2011,25.7,-0.96,La Niña
OND,2011,25.58,-1.02,La Niña
NDJ,2011,25.58,-0.92,La Niña
DJF,2012,25.77,-0.72,La Niña
JFM,2012,26.15,-0.57,La Niña
FMA,2012,26.71,-0.46,Neutro
MAM,2012,27.21,-0.36,Neutro
AMJ,2012,27.57,-0.17,Neutro
MJJ,2012,27.64,0.06,Neutro
JJA,2012,27.54,0.3,Neutro
JAS,2012,27.32,0.41,Neutro
ASO,2012,27.13,0.41,Neutro
SON,2012,26.98,0.31,Neutro
OND,2012,26.73,0.13,Neutro
NDJ,2012,26.41,-0.1,Neutro
DJF,2013,26.21,-0.29,Neutro
JFM,2013,26.44,-0.29,Neutro
FMA,2013,26.96,-0.21,Neutro
MAM,2013,27.38,-0.19,Neutro
AMJ,2013,27.47,-0.27,Neutro
MJJ,2013,27.24,-0.34,Neutro
JJA,2013,26.89,-0.35,Neutro
JAS,2013,26.64,-0.28,Neutro
ASO,2013,26.51,-0.21,Neutro
SON,2013,26.54,-0.13,Neutro
OND,2013,26.5,-0.1,Neutro
NDJ,2013,26.35,-0.15,Neutro
DJF,2014,26.22,-0.28,Neutro
JFM,2014,26.41,-0.32,Neutro
FMA,2014,27.03,-0.14,Neutro
MAM,2014,27.73,0.15,Neutro
AMJ,2014,28.04,0.31,Neutro
MJJ,2014,27.82,0.23,Neutro
JJA,2014,27.34,0.1,Neutro
JAS,2014,27.02,0.11,Neutro
ASO,2014,27.0,0.28,Neutro
SON,2014,27.21,0.54,El Niño
OND,2014,27.31,0.71,El Niño
NDJ,2014,27.28,0.77,El Niño
DJF,2015,27.19,0.69,El Niño
JFM,2015,27.34,0.61,El Niño
FMA,2015,27.82,0.65,El Niño
MAM,2015,28.38,0.81,El Niño
AMJ,2015,28.76,1.02,El Niño
MJJ,2015,28.83,1.25,El Niño
JJA,2015,28.81,1.57,El Niño
JAS,2015,28.82,1.91,El Niño
ASO,2015,28.93,2.21,El Niño
SON,2015,29.14,2.47,El Niño
OND,2015,29.25,2.64,El Niño
NDJ,2015,29.26,2.75,El Niño
DJF,2016,29.12,2.63,El Niño
JFM,2016,29.01,2.28,El Niño
FMA,2016,28.88,1.71,El Niño
MAM,2016,28.62,1.05,El Niño
AMJ,2016,28.22,0.49,Neutro
MJJ,2016,27.59,0.0,Neutro
JJA,2016,26.93,-0.31,Neutro
JAS,2016,26.42,-0.5,La Niña
ASO,2016,26.14,-0.58,La Niña
SON,2016,26.02,-0.64,La Niña
OND,2016,26.01,-0.6,La Niña
NDJ,2016,26.06,-0.45,Neutro
DJF,2017,26.3,-0.19,Neutro
JFM,2017,26.71,-0.02,Neutro
FMA,2017,27.35,0.18,Neutro
MAM,2017,27.89,0.31,Neutro
AMJ,2017,28.13,0.4,Neutro
MJJ,2017,27.97,0.39,Neutro
JJA,2017,27.43,0.19,Neutro
JAS,2017,26.84,-0.07,Neutro
ASO,2017,26.38,-0.34,Neutro
SON,2017,26.06,-0.6,La Niña
OND,2017,25.84,-0.77,La Niña
NDJ,2017,25.64,-0.86,La Niña
DJF,2018,25.72,-0.77,La Niña
JFM,2018,26.02,-0.71,La Niña
FMA,2018,26.6,-0.57,La Niña
MAM,2018,27.18,-0.39,Neutro
AMJ,2018,27.61,-0.13,Neutro
MJJ,2018,27.64,0.06,Neutro
JJA,2018,27.38,0.14,Neutro
JAS,2018,27.18,0.27,Neutro
ASO,2018,27.25,0.53,El Niño
SON,2018,27.47,0.81,El Niño
OND,2018,27.57,0.97,El Niño
NDJ,2018,27.43,0.92,El Niño
DJF,2019,27.39,0.89,El Niño
JFM,2019,27.59,0.86,El Niño
FMA,2019,28.01,0.84,El Niño
MAM,2019,28.34,0.77,El Niño
AMJ,2019,28.37,0.64,El Niño
MJJ,2019,28.1,0.52,El Niño
JJA,2019,27.57,0.33,Neutro
JAS,2019,27.1,0.19,Neutro
ASO,2019,26.95,0.23,Neutro
SON,2019,27.06,0.39,Neutro
OND,2019,27.18,0.58,El Niño
NDJ,2019,27.17,0.66,El Niño
DJF,2020,27.14,0.64,El Niño
JFM,2020,27.35,0.63,El Niño
FMA,2020,27.7,0.53,El Niño
MAM,2020,27.87,0.3,Neutro
AMJ,2020,27.75,0.01,Neutro
MJJ,2020,27.35,-0.23,Neutro
JJA,2020,26.88,-0.36,Neutro
JAS,2020,26.38,-0.53,La Niña
ASO,2020,25.87,-0.85,La Niña
SON,2020,25.54,-1.12,La Niña
OND,2020,25.4,-1.2,La Niña
NDJ,2020,25.43,-1.08,La Niña
DJF,2021,25.59,-0.91,La Niña
JFM,2021,25.94,-0.79,La Niña
FMA,2021,26.46,-0.71,La Niña
MAM,2021,27.03,-0.55,La Niña
AMJ,2021,27.35,-0.39,Neutro
MJJ,2021,27.28,-0.3,Neutro
JJA,2021,26.89,-0.35,Neutro
JAS,2021,26.46,-0.45,Neutro
ASO,2021,26.09,-0.63,La Niña
SON,2021,25.9,-0.76,La Niña
OND,2021,25.69,-0.91,La Niña
NDJ,2021,25.63,-0.87,La Niña
DJF,2022,25.67,-0.82,La Niña
JFM,2022,25.94,-0.79,La Niña
FMA,2022,26.31,-0.86,La Niña
MAM,2022,26.62,-0.95,La Niña
AMJ,2022,26.84,-0.9,La Niña
MJJ,2022,26.8,-0.78,La Niña
JJA,2022,26.48,-0.76,La Niña
JAS,2022,26.04,-0.87,La Niña
ASO,2022,25.75,-0.97,La Niña
SON,2022,25.72,-0.94,La Niña
OND,2022,25.76,-0.85,La Niña
NDJ,2022,25.79,-0.71,La Niña
DJF,2023,25.96,-0.54,La Niña
JFM,2023,26.44,-0.29,Neutro
FMA,2023,27.15,-0.02,Neutro
MAM,2023,27.85,0.27,Neutro
AMJ,2023,28.31,0.57,El Niño
MJJ,2023,28.42,0.84,El Niño
JJA,2023,28.36,1.12,El Niño
JAS,2023,28.28,1.37,El Niño
ASO,2023,28.32,1.6,El Niño
SON,2023,28.49,1.83,El Niño
OND,2023,28.6,1.99,El Niño
NDJ,2023,28.57,2.06,El Niño
DJF,2024,28.42,1.92,El Niño
JFM,2024,28.35,1.62,El Niño
FMA,2024,28.43,1.26,El Niño
MAM,2024,28.39,0.82,El Niño
AMJ,2024,28.22,0.49,Neutro
MJJ,2024,27.8,0.22,Neutro
JJA,2024,27.33,0.08,Neutro
JAS,2024,26.85,-0.07,Neutro
ASO,2024,26.55,-0.17,Neutro
SON,2024,26.46,-0.21,Neutro
OND,2024,26.3,-0.3,Neutro
NDJ,2024,26.09,-0.42,Neutro
DJF,2025,26.05,-0.45,Neutro
JFM,2025,26.48,-0.24,Neutro
FMA,2025,27.11,-0.06,Neutro
MAM,2025,27.6,0.02,Neutro
AMJ,2025,27.72,-0.02,Neutro
MJJ,2025,27.54,-0.04,Neutro
JJA,2025,27.1,-0.14,Neutro
JAS,2025,26.63,-0.28,Neutro
ASO,2025,26.32,-0.4,Neutro
SON,2025,26.16,-0.51,La Niña
OND,2025,26.05,-0.55,La Niña
NDJ,2025,25.97,-0.54,La Niña
DJF,2026,26.13,-0.37,Neutro
JFM,2026,26.57,-0.16,Neutro
