"Anio","Mes","Fecha precio vigente","ID region","Region","Comuna","Poder comprador","Sucursal","Variedad","Precio","Grado brix","Fecha proximo precio","Proximo precio","Observaciones"
"2024","3","2024-03-12","5","Región de Valparaíso","Casablanca","Viña Indomita ","Ruta 68, kilómetro 64","Carmenère","367","13","2024-03-14","367","precio promedio "
"2024","3","2024-03-12","5","Región de Valparaíso","Casablanca","Viña Indomita ","Ruta 68, kilómetro 64","Carmenère","200","12","2024-03-14","200","precio mínimo sin grado "
"2024","3","2024-03-12","5","Región de Valparaíso","Casablanca","Viña Indomita ","Ruta 68, kilómetro 64","Cesar N","411","13","2024-03-13","411","precio promedio con grados brix"
"2024","3","2024-03-12","5","Región de Valparaíso","Casablanca","Viña Indomita ","Ruta 68, kilómetro 64","Cesar N","271","12","2024-03-13","271","precio mínimo sin grados brix"
"2024","3","2024-03-12","5","Región de Valparaíso","Casablanca","Viña Indomita ","Ruta 68, kilómetro 64","Chardonnay (b)","417","13","2024-03-15","417","promedio con grados brix "
"2024","3","2024-03-12","5","Región de Valparaíso","Casablanca","Viña Indomita ","Ruta 68, kilómetro 64","Chardonnay (b)","210","12","2024-03-15","210","precio mínimo sin grados "
"2024","3","2024-03-12","5","Región de Valparaíso","Casablanca","Viña Indomita ","Ruta 68, kilómetro 64","Gewurstraminer","407","13","2024-03-13","407","precio promedio con grados brix "
"2024","3","2024-03-12","5","Región de Valparaíso","Casablanca","Viña Indomita ","Ruta 68, kilómetro 64","Gewurstraminer","317","12","2024-03-13","317","precio mínimo sin grados brix "
"2024","3","2024-03-12","5","Región de Valparaíso","Casablanca","Viña Indomita ","Ruta 68, kilómetro 64","Malbec","372","13","2024-03-13","372","precio promedio con grados brix "
"2024","3","2024-03-12","5","Región de Valparaíso","Casablanca","Viña Indomita ","Ruta 68, kilómetro 64","Malbec","200","12","2024-03-13","200","precio mínimo sin grados brix"
"2024","3","2024-03-12","5","Región de Valparaíso","Casablanca","Viña Indomita ","Ruta 68, kilómetro 64","Marsanne","500","13","2024-03-13","500","precio máximo con grados brix "
"2024","3","2024-03-12","5","Región de Valparaíso","Casablanca","Viña Indomita ","Ruta 68, kilómetro 64","Merlot (t)","361","13","2024-03-13","361","precio promedio con grados brix "
"2024","3","2024-03-12","5","Región de Valparaíso","Casablanca","Viña Indomita ","Ruta 68, kilómetro 64","Merlot (t)","271","12","2024-03-13","271","precio mínimo sin grados brix "
"2024","3","2024-03-12","5","Región de Valparaíso","Casablanca","Viña Indomita ","Ruta 68, kilómetro 64","Pinot Gris","317","13","2024-03-13","317","precio corrido"
"2024","3","2024-03-12","5","Región de Valparaíso","Casablanca","Viña Indomita ","Ruta 68, kilómetro 64","Pinot negro (Noir)","329","13","2024-03-13","329","precio promedio con grados brix "
"2024","3","2024-03-12","5","Región de Valparaíso","Casablanca","Viña Indomita ","Ruta 68, kilómetro 64","Pinot negro (Noir)","210","12","2024-03-13","210","precio mínimo con grados brix "
"2024","3","2024-03-12","5","Región de Valparaíso","Casablanca","Viña Indomita ","Ruta 68, kilómetro 64","Sauvignon Blanc (Fumé)","321","13","2024-03-13","321","precio promedio con grados brix "
"2024","3","2024-03-12","5","Región de Valparaíso","Casablanca","Viña Indomita ","Ruta 68, kilómetro 64","Sauvignon Blanc (Fumé)","200","12","2024-03-13","200","precio mínimo sin grados brix "
"2024","3","2024-03-12","5","Región de Valparaíso","Casablanca","Viña Indomita ","Ruta 68, kilómetro 64","Sauvignon Vert (Friulano)","316","13","2024-03-13","316","precio corrido "
"2024","3","2024-03-12","5","Región de Valparaíso","Casablanca","Viña Indomita ","Ruta 68, kilómetro 64","Syrah (Sirah)","452","13","2024-03-13","452","precio promedio con grados brix "
"2024","3","2024-03-12","5","Región de Valparaíso","Casablanca","Viña Indomita ","Ruta 68, kilómetro 64","Tintoreras","140","12","2024-03-13","140","precio corrido "
"2024","3","2024-03-19","5","Región de Valparaíso","San Felipe","Viña Mendoza ","Almendral 613","Cabernet Sauvignon","400","23","2024-03-27","250","compra directa, zona Santa María"
"2024","3","2024-03-19","5","Región de Valparaíso","Santa María","Flaherty wines Ltda.","Uribe 956, Santa María","Carmenère","450","24","2024-03-27","450","compra directa, zona Panquehue"
"2024","3","2024-03-19","5","Región de Valparaíso","Santa María","Flaherty wines Ltda.","Uribe 956, Santa María","Carmenère","450","24","2024-03-27","450","compra directa, zona Panquehue"
"2024","3","2024-03-19","5","Región de Valparaíso","San Felipe","Viña El Almendral","Cerro Yevide Norte 300 El Almendral","Moscatel de Alejandría","170","23","2024-03-27","170","Santa María, compra directa"
"2024","3","2024-03-19","5","Región de Valparaíso","San Felipe","Viña Mendoza ","Almendral 613","Moscatel Rosada (Pastilla)","140","22","2024-03-27","140","compra directa, Panquehue"
"2024","3","2024-03-19","5","Región de Valparaíso","San Felipe","Viña El Almendral","Cerro Yevide Norte 300 El Almendral","Moscatel Rosada (Pastilla)","150","23","2024-03-27","150","Santa María, compra directa"
"2024","3","2024-03-19","5","Región de Valparaíso","San Felipe","Viña El Almendral","Cerro Yevide Norte 300 El Almendral","Pais - Mission, Criolla","120","22","2024-03-27","120","zona Santa María, compra directa"
"2024","3","2024-03-19","5","Región de Valparaíso","Santa María","Flaherty wines Ltda.","Uribe 956, Santa María","Syrah (Sirah)","450","23","2024-03-27","450","compra directa, zona de Panquehue"
"2024","3","2024-03-19","5","Región de Valparaíso","Santa María","Flaherty wines Ltda.","Uribe 956, Santa María","Syrah (Sirah)","450","23","2024-03-27","450","compra directa, zona de Panquehue"
"2024","3","2024-03-19","5","Región de Valparaíso","San Felipe","Viña El Almendral","Cerro Yevide Norte 300 El Almendral","Tempranillo","120","22","2024-03-27","120","compra directa, zona Santa María"
"2024","3","2024-03-19","5","Región de Valparaíso","San Felipe","Viña El Almendral","Cerro Yevide Norte 300 El Almendral","Tempranillo","120","22","2024-03-27","120","compra directa, zona Santa María"
"2024","3","2024-03-19","5","Región de Valparaíso","San Felipe","Viña Mendoza ","Almendral 613","Tintoreras","140","22","2024-03-27","140","compra directa, zona de Panquehue"
"2024","3","2024-03-19","5","Región de Valparaíso","San Felipe","Viña El Almendral","Cerro Yevide Norte 300 El Almendral","Tintoreras","140","24","2024-03-27","140","zona Santa María, compra directa"
"2024","3","2024-03-19","5","Región de Valparaíso","San Felipe","Viña Mendoza ","Almendral 613","Tintoreras","140","22","2024-03-27","140","compra directa, zona de Panquehue"
"2024","3","2024-03-19","5","Región de Valparaíso","San Felipe","Viña Mendoza ","Almendral 613","Torontel blanca","170","22","2024-03-27","170","compra directa, zona Panquehue"
"2024","3","2024-03-22","6","Región del Libertador Bernardo O'Higgins","Chimbarongo","Viña Cono Sur ","Pisagua 312","Carmenère","220","12","","","con contrato más grado "
"2024","3","2024-03-22","6","Región del Libertador Bernardo O'Higgins","Chimbarongo","Viña Cono Sur ","Pisagua 312","Carmenère","200","12","","","con contrato más grado "
"2024","3","2024-03-22","6","Región del Libertador Bernardo O'Higgins","Chimbarongo","Viña Cono Sur ","Pisagua 312","Chardonnay (b)","270","12","","","con contrato más grado "
"2024","3","2024-03-22","6","Región del Libertador Bernardo O'Higgins","Chimbarongo","Viña Cono Sur ","Pisagua 312","Chardonnay (b)","250","12","","","con contrato más grados "
"2024","3","2024-03-22","6","Región del Libertador Bernardo O'Higgins","Chimbarongo","Viña Cono Sur ","Pisagua 312","Merlot (t)","180","12","","","con contrato más grado "
"2024","3","2024-03-22","6","Región del Libertador Bernardo O'Higgins","San Fernando","Vina Koyle ","Fundo Angostura s/n, Los Lingues","Pinot negro (Noir)","300","12","","","contrato a largo plazo más grado "
"2024","3","2024-03-22","6","Región del Libertador Bernardo O'Higgins","Chimbarongo","Viña Cono Sur ","Pisagua 312","Pinot negro (Noir)","350","12","","","con contrato más grado "
"2024","3","2024-03-22","6","Región del Libertador Bernardo O'Higgins","Chimbarongo","Viña Cono Sur ","Pisagua 312","Pinot negro (Noir)","300","12","","","con contrato más grado "
"2024","3","2024-03-22","6","Región del Libertador Bernardo O'Higgins","Chimbarongo","Viña Cono Sur ","Pisagua 312","Sauvignon Blanc (Fumé)","250","12","","","con contrato más grado "
"2024","3","2024-03-22","6","Región del Libertador Bernardo O'Higgins","Chimbarongo","Viña Cono Sur ","Pisagua 312","Sauvignon Blanc (Fumé)","200","12","","","con contrato más grado "
"2024","3","2024-03-22","6","Región del Libertador Bernardo O'Higgins","San Fernando","Vina Koyle ","Fundo Angostura s/n, Los Lingues","Sauvignon Blanc (Fumé)","380","12","","","contrato a largo plazo más grados "
"2024","3","2024-03-22","6","Región del Libertador Bernardo O'Higgins","Chimbarongo","Viña Cono Sur ","Pisagua 312","Syrah (Sirah)","170","12","","","con contrato más grado "
"2024","3","2024-03-22","6","Región del Libertador Bernardo O'Higgins","Chimbarongo","Viña Cono Sur ","Pisagua 312","Syrah (Sirah)","150","12","","","con contrato más grado "
"2024","3","2024-03-22","6","Región del Libertador Bernardo O'Higgins","Chimbarongo","Viña Cono Sur ","Pisagua 312","Tintoreras","170","12","","","con contrato más grado "
"2024","3","2024-03-22","6","Región del Libertador Bernardo O'Higgins","Chimbarongo","Viña Cono Sur ","Pisagua 312","Tintoreras","150","12","","","con contrato más grado "
"2024","3","2024-03-22","6","Región del Libertador Bernardo O'Higgins","San Fernando","Vina Koyle ","Fundo Angostura s/n, Los Lingues","Tintoreras","120","12","","",""
"2024","3","2024-03-22","6","Región del Libertador Bernardo O'Higgins","San Fernando","Vina Koyle ","Fundo Angostura s/n, Los Lingues","Tintoreras","100","12","","","contrato a largo plazo más grado "
"2024","3","2024-03-25","6","Región del Libertador Bernardo O'Higgins","San Fernando","Macaya y Waak Limitada","Av. Bernardo Ohiggins 0280","Cabernet Sauvignon","120","12","","","contrato largo plazo más grado "
"2024","3","2024-03-25","6","Región del Libertador Bernardo O'Higgins","San Fernando","Macaya y Waak Limitada","Av. Bernardo Ohiggins 0280","Cabernet Sauvignon","100","12","","","contrato a largo plazo más grado "
"2024","3","2024-03-25","6","Región del Libertador Bernardo O'Higgins","San Fernando","Macaya y Waak Limitada","Av. Bernardo Ohiggins 0280","Chardonnay (b)","200","12","","","contrato a largo plazo más grado "
"2024","3","2024-03-25","6","Región del Libertador Bernardo O'Higgins","San Fernando","Macaya y Waak Limitada","Av. Bernardo Ohiggins 0280","Merlot (t)","100","12","","","contrato largo plazo más grado "
"2024","3","2024-03-25","6","Región del Libertador Bernardo O'Higgins","San Fernando","Macaya y Waak Limitada","Av. Bernardo Ohiggins 0280","Pais - Mission, Criolla","80","12","","","contrato largo plazo más grado "
"2024","3","2024-03-25","6","Región del Libertador Bernardo O'Higgins","San Fernando","Macaya y Waak Limitada","Av. Bernardo Ohiggins 0280","Sauvignon Blanc (Fumé)","200","12","","","contrato largo plazo más grado "
"2024","3","2024-03-25","6","Región del Libertador Bernardo O'Higgins","San Fernando","Macaya y Waak Limitada","Av. Bernardo Ohiggins 0280","Sauvignon Blanc (Fumé)","180","12","","","contrato largo plazo más grado "
"2024","3","2024-03-25","6","Región del Libertador Bernardo O'Higgins","San Fernando","Macaya y Waak Limitada","Av. Bernardo Ohiggins 0280","Syrah (Sirah)","100","12","","","contrato largo plazo más grado "
"2024","3","2024-03-25","6","Región del Libertador Bernardo O'Higgins","San Fernando","Macaya y Waak Limitada","Av. Bernardo Ohiggins 0280","Tintoreras","100","12","","","contrato largo plazo más grado "
"2024","3","2024-03-25","6","Región del Libertador Bernardo O'Higgins","San Fernando","Macaya y Waak Limitada","Av. Bernardo Ohiggins 0280","Tintoreras","90","12","","","contrato largo plazo más grado "
"2024","3","2024-03-06","7","Región del Maule","Molina","Vinícola Patacon","Casa Blanca s/n","Cabernet Franc","90","12","","","Con contrato, precio en predio, pago en 8 cuotas."
"2024","3","2024-03-06","7","Región del Maule","Molina","Vinícola Patacon","Casa Blanca s/n","Cabernet Sauvignon","90","12","","","Con contrato, precio en predio, pago en 8 cuotas."
"2024","3","2024-03-06","7","Región del Maule","Sagrada Familia","Viña Correa Albano","Bodega Santa Rosa s/n","Cabernet Sauvignon","100","12","","","Con contrato. Precio en predio. Pago de 2 a 4 cuotas."
"2024","3","2024-03-06","7","Región del Maule","Sagrada Familia","RR Wine ","Fundo El Sanatorio s/n, sector Pulmodon","Cabernet Sauvignon","100","12","","","Con contrato, precio en predio y pago en 1 a 6 cuotas."
"2024","3","2024-03-06","7","Región del Maule","Río Claro","Aresti Chile Wine ","Bellavista s/n","Carignan (Cariñena)","400","12","","","Con contrato. Precio en predio. Pago en 4 cuotas."
"2024","3","2024-03-06","7","Región del Maule","Sagrada Familia","Viña Correa Albano","Bodega Santa Rosa s/n","Carmenère","100","12","","","Con contrato. Precio en predio. Pago de 2 a 4 cuotas."
"2024","3","2024-03-06","7","Región del Maule","Sagrada Familia","RR Wine ","Fundo El Sanatorio s/n, sector Pulmodon","Carmenère","100","12","","","Con contrato, precio en predio y pago en 1 a 6 cuotas."
"2024","3","2024-03-06","7","Región del Maule","Sagrada Familia","RR Wine ","Fundo El Sanatorio s/n, sector Pulmodon","Chardonnay (b)","150","12","","","Con contrato. Precio en predio. Pago de 1 a 6 cuotas."
"2024","3","2024-03-06","7","Región del Maule","Molina","Vinícola Patacon","Casa Blanca s/n","Chardonnay (b)","150","12","","","Con contrato. Precio en predio. Pago en 8 cuotas."
"2024","3","2024-03-06","7","Región del Maule","Sagrada Familia","Viña Correa Albano","Bodega Santa Rosa s/n","Chardonnay (b)","170","12","","","Con contrato, precio en predio y pago de 2 a 4 cuotas."
"2024","3","2024-03-06","7","Región del Maule","Sagrada Familia","RR Wine ","Fundo El Sanatorio s/n, sector Pulmodon","Malbec","100","12","","","Con contrato, precio en predio y pago de 1 a 6 cuotas."
"2024","3","2024-03-06","7","Región del Maule","Sagrada Familia","Viña Correa Albano","Bodega Santa Rosa s/n","Merlot (t)","100","12","","","Con contrato. Precio en predio. Pago de 2 a 4 cuotas."
"2024","3","2024-03-06","7","Región del Maule","Sagrada Familia","RR Wine ","Fundo El Sanatorio s/n, sector Pulmodon","Merlot (t)","100","12","","","Con contrato, precio en predio y pago de 1 a 6 cuotas."
"2024","3","2024-03-06","7","Región del Maule","Molina","Vinícola Patacon","Casa Blanca s/n","Merlot (t)","90","12","","","Con contrato, precio en predio, pago en 8 cuotas."
"2024","3","2024-03-06","7","Región del Maule","Sagrada Familia","RR Wine ","Fundo El Sanatorio s/n, sector Pulmodon","Pinot Gris","270","12","","","Con contrato. Precio en predio. Pago de 1 a 6 cuotas."
"2024","3","2024-03-06","7","Región del Maule","Sagrada Familia","RR Wine ","Fundo El Sanatorio s/n, sector Pulmodon","Pinot negro (Noir)","120","12","","","Con contrato. Precio en predio. Pago de 1 a 6 cuotas."
"2024","3","2024-03-06","7","Región del Maule","Molina","Vinícola Patacon","Casa Blanca s/n","Pinot negro (Noir)","150","12","","","Con contrato. Precio en predio. Pago en 8 cuotas."
"2024","3","2024-03-06","7","Región del Maule","Sagrada Familia","Viña Correa Albano","Bodega Santa Rosa s/n","Sauvignon Blanc (Fumé)","170","12","","","Con contrato, precio en predio y pago entre 2 y 4 cuotas."
"2024","3","2024-03-06","7","Región del Maule","Sagrada Familia","RR Wine ","Fundo El Sanatorio s/n, sector Pulmodon","Sauvignon Blanc (Fumé)","150","12","","","Con contrato.Precio en predio. Pago de 1 a 6 cuotas."
"2024","3","2024-03-06","7","Región del Maule","Molina","Vinícola Patacon","Casa Blanca s/n","Sauvignon Blanc (Fumé)","150","12","","","Con contrato.Precio en predio. Pago en 8 cuotas."
"2024","3","2024-03-06","7","Región del Maule","Sagrada Familia","Sociedad agrícola Requinhua ","Fundo Requingua s/n","Sauvignon Blanc (Fumé)","180","12","","","Con contrato, precio en predio, sin grado brix y pago en 5 a 10 cuotas."
"2024","3","2024-03-06","7","Región del Maule","Sagrada Familia","Viña Correa Albano","Bodega Santa Rosa s/n","Semillón (b)","170","12","","","Con contrato, precio en predio y pago de 2 a 4 cuotas."
"2024","3","2024-03-06","7","Región del Maule","Sagrada Familia","RR Wine ","Fundo El Sanatorio s/n, sector Pulmodon","Syrah (Sirah)","100","12","","","Con contrato, precio en predio y pago de 1 a 6 cuotas."
"2024","3","2024-03-06","7","Región del Maule","Sagrada Familia","Viña Correa Albano","Bodega Santa Rosa s/n","Tempranillo","100","12","","","Con contrato. Precio en Predio. Pago de 2 a 4 cuotas."
"2024","3","2024-03-06","7","Región del Maule","Curicó","Exportadora de mostos y vinos Jucosol ","Lautaro 1026","Tintoreras","100","15","","","Con contrato, precio en predio y pago de 4 a 6 cuotas."
"2024","3","2024-03-06","7","Región del Maule","Molina","Mostos del Pacífico .","Longitudinal Sur 200, Lontué","Tintoreras","90","16","","","Con contrato. Precio en predio. Pago de 10 cuotas."
"2024","3","2024-03-06","7","Región del Maule","Sagrada Familia","RR Wine ","Fundo El Sanatorio s/n, sector Pulmodon","Tintoreras","100","12","","","Con contrato, precio en predio y pago de 1 a 6 cuotas."
"2024","3","2024-03-06","7","Región del Maule","Molina","Vinícola Patacon","Casa Blanca s/n","Tintoreras","100","12","","","Con contrato, precio en predio, pago en 8 cuotas."
"2024","3","2024-03-06","7","Región del Maule","Sagrada Familia","Viña Correa Albano","Bodega Santa Rosa s/n","Torontel blanca","170","12","","","Con contrato, precio en predio y pago de 2 a 4 cuotas."
"2024","3","2024-03-06","7","Región del Maule","Sagrada Familia","RR Wine ","Fundo El Sanatorio s/n, sector Pulmodon","Viognier","150","12","","","Con contrato. Precio en predio. Pago de 1 a 6 cuotas."
"2024","3","2024-03-06","7","Región del Maule","Sagrada Familia","Viña Correa Albano","Bodega Santa Rosa s/n","Viognier","100","12","","","Con contrato. Precio en predio. Pago de 2 a 4 cuotas."
"2024","3","2024-03-07","7","Región del Maule","San Javier","Vitivinicola Cremaschi Furlotti","Ruta L-15, San Javier de Loncomilla","Carignan (Cariñena)","300","12","","","Con contrato. Precio en predio. Pago de 3 a 6 cuotas."
"2024","3","2024-03-07","7","Región del Maule","Linares","Viña Portal del Sur ","Ruta L-240 s/n","Carmenère","100","12","","","Con contrato. Precio en predio. Pago 1 a 8 cuotas."
"2024","3","2024-03-07","7","Región del Maule","Linares","Viña Portal del Sur ","Ruta L-240 s/n","Carmenère","100","12","","","Con contrato, precio en predio y pagos en 1 a 8 cuotas"
"2024","3","2024-03-07","7","Región del Maule","Linares","Viña Portal del Sur ","Ruta L-240 s/n","Chardonnay (b)","150","12","","","Con contrato. Precio en predio. Pago de 1 a 8 cuotas."
"2024","3","2024-03-07","7","Región del Maule","Linares","Viña Portal del Sur ","Ruta L-240 s/n","Merlot (t)","100","12","","","Con contrato. Precio en predio. Pago de 1 a 8 cuotas."
"2024","3","2024-03-07","7","Región del Maule","San Javier","Vitivinicola Cremaschi Furlotti","Ruta L-15, San Javier de Loncomilla","Moscatel rosada","200","12","","","Con contrato, precio en predio y pago en 3 a 6 cuotas."
"2024","3","2024-03-07","7","Región del Maule","San Javier","Sociedad agroindustrial Cerrillos ","Melozal Cerrillos Ruta L-366","Moscatel rosada","120","12","","","Sin Contrato. Precio en bodega. Pago de 3 a 4 cuotas."
"2024","3","2024-03-07","7","Región del Maule","San Javier","Sociedad agroindustrial Cerrillos ","Melozal Cerrillos Ruta L-366","Pais - Mission, Criolla","80","12","","","Sin contrato, precio en bodega y pago en 3 a 4 cuotas."
"2024","3","2024-03-07","7","Región del Maule","San Javier","Sociedad agroindustrial Cerrillos ","Melozal Cerrillos Ruta L-366","Pedro Jiménez","120","12","","","Sin contrato. Precio en bodega. Pago en 3 a 4 cuotas."
"2024","3","2024-03-07","7","Región del Maule","San Javier","Vitivinicola Cremaschi Furlotti","Ruta L-15, San Javier de Loncomilla","Riesling","200","12","","","Con contrato. Precio en predio. Pago de 3 a 6 cuotas."
"2024","3","2024-03-07","7","Región del Maule","Linares","Viña Portal del Sur ","Ruta L-240 s/n","Sauvignon Blanc (Fumé)","150","12","","","Con contrato. Precio en predio. Pago de 1 a 8 cuotas."
"2024","3","2024-03-07","7","Región del Maule","Linares","Viña Portal del Sur ","Ruta L-240 s/n","Syrah (Sirah)","100","12","","","Con contrato, precio en predio y pagos en 1 a 8 cuotas."
"2024","3","2024-03-07","7","Región del Maule","Linares","Viña Portal del Sur ","Ruta L-240 s/n","Tintoreras","100","12","","","Con contrato, precio en predio y pagos en 1 a 8 cuotas."
"2024","3","2024-03-07","7","Región del Maule","San Javier","Sociedad agroindustrial Cerrillos ","Melozal Cerrillos Ruta L-366","Tintoreras","100","12","","","Sin contrato. Precio en bodega. Pago de 3 a 4 cuotas."
"2024","3","2024-03-07","7","Región del Maule","San Javier","Sociedad agroindustrial Cerrillos ","Melozal Cerrillos Ruta L-366","Torontel blanca","120","12","","","Sin contrato, precio en bodega y pago de 3 a 6 cuotas."
"2024","4","2024-04-17","7","Región del Maule","Molina","Vinícola Patacon","Avn.Oscar Commentz #117","Cabernet Franc","90","12","","","Con contrato. Precio en predio. 8 cuotas."
"2024","4","2024-04-17","7","Región del Maule","Molina","Vinícola Patacon","Avn.Oscar Commentz #117","Cabernet Franc","90","12","","","Con contrato. Precio en predio. 8 cuotas."
"2024","4","2024-04-17","7","Región del Maule","Molina","Vinícola Patacon","Avn.Oscar Commentz #117","Cabernet Franc","90","12","","","Con contrato. Precio en predio. 8 cuotas."
"2024","4","2024-04-17","7","Región del Maule","Molina","Vinícola Patacon","Avn.Oscar Commentz #117","Cabernet Franc","90","12","","","Con contrato. Precio en predio. 8 cuotas."
"2024","4","2024-04-17","7","Región del Maule","Molina","Vinícola Patacon","Avn.Oscar Commentz #117","Cabernet Franc","90","12","","","Con contrato. Precio en predio. 8 cuotas."
"2024","4","2024-04-17","7","Región del Maule","Molina","Vinícola Patacon","Avn.Oscar Commentz #117","Cabernet Franc","90","12","","","Con contrato. Precio en predio. 8 cuotas."
"2024","4","2024-04-17","7","Región del Maule","Molina","Vinícola Patacon","Avn.Oscar Commentz #117","Cabernet Franc","90","12","","","Con contrato. Precio en predio. 8 cuotas."
"2024","4","2024-04-17","7","Región del Maule","Molina","Vinícola Patacon","Avn.Oscar Commentz #117","Cabernet Franc","90","12","","","Con contrato. Precio en predio. 8 cuotas."
"2024","4","2024-04-17","7","Región del Maule","Molina","Vinícola Patacon","Avn.Oscar Commentz #117","Cabernet Franc","90","12","","","Con contrato. Precio en predio. 8 cuotas."
"2024","4","2024-04-17","7","Región del Maule","Molina","Vinícola Patacon","Avn.Oscar Commentz #117","Cabernet Franc","90","12","","","Con contrato. Precio en predio. 8 cuotas."
"2024","4","2024-04-17","7","Región del Maule","Molina","Vinícola Patacon","Avn.Oscar Commentz #117","Cabernet Franc","90","12","","","Con contrato. Precio en predio. 8 cuotas."
"2024","4","2024-04-17","7","Región del Maule","Molina","Vinícola Patacon","Avn.Oscar Commentz #117","Cabernet Franc","90","12","","","Con contrato. Precio en predio. 8 cuotas."
"2024","4","2024-04-17","7","Región del Maule","Molina","Vinícola Patacon","Avn.Oscar Commentz #117","Cabernet Franc","90","12","","","Con contrato. Precio en predio. 8 cuotas."
"2024","4","2024-04-17","7","Región del Maule","Molina","Vinícola Patacon","Avn.Oscar Commentz #117","Cabernet Franc","90","12","","","Con contrato. Precio en predio. 8 cuotas."
"2024","4","2024-04-17","7","Región del Maule","Sagrada Familia","RR Wine ","Fundo El Sanatorio s/n, sector Pulmodon","Cabernet Sauvignon","100","12","","","Con contrato, precio en predio y pago en 1 a 6 cuotas."
"2024","4","2024-04-17","7","Región del Maule","Teno","Viña Santa Irene ","Ruta J-115 0620","Cabernet Sauvignon","100","12","","","Con contrato. Precio en bodega. Pago en 3 cuotas."
"2024","4","2024-04-17","7","Región del Maule","Sagrada Familia","Viña Correa Albano","Bodega Santa Rosa s/n","Cabernet Sauvignon","120","12","","","Con contrato, precio en predio y pago en 1 a 5 cuotas."
"2024","4","2024-04-17","7","Región del Maule","Sagrada Familia","Viña Correa Albano","Bodega Santa Rosa s/n","Carmenère","120","12","","","Con contrato, precio en predio y pago en 1 a 5 cuotas."
"2024","4","2024-04-17","7","Región del Maule","Teno","Viña Santa Irene ","Ruta J-115 0620","Carmenère","100","12","","","Con contrato. Precio en bodega.Pago en 3 cuotas."
"2024","4","2024-04-17","7","Región del Maule","Sagrada Familia","Viña Correa Albano","Bodega Santa Rosa s/n","Chardonnay (b)","170","12","","","Con contrato. Precio en predio. Pago de 1 a 5 cuotas."
"2024","4","2024-04-17","7","Región del Maule","Molina","Vinícola Patacon","Avn.Oscar Commentz #117","Chardonnay (b)","150","12","","","Con contrato. Precio en predio . 8 cuotas. "
"2024","4","2024-04-17","7","Región del Maule","Molina","Vinícola Patacon","Avn.Oscar Commentz #117","Chardonnay (b)","150","12","","","Con contrato. Precio en predio . 8 cuotas. "
"2024","4","2024-04-17","7","Región del Maule","Teno","Viña Santa Irene ","Ruta J-115 0620","Chardonnay (b)","100","12","","","Con contrato, precio en bodega y pago en 3 cuotas."
"2024","4","2024-04-17","7","Región del Maule","Sagrada Familia","RR Wine ","Fundo El Sanatorio s/n, sector Pulmodon","Chardonnay (b)","150","12","","","Con contrato. Precio en predio. Pago de 1 a 6 cuotas."
"2024","4","2024-04-17","7","Región del Maule","Molina","Vinícola Patacon","Avn.Oscar Commentz #117","Chardonnay (b)","150","12","","","Con contrato. Precio en predio . 8 cuotas. "
"2024","4","2024-04-17","7","Región del Maule","Molina","Vinícola Patacon","Avn.Oscar Commentz #117","Chardonnay (b)","150","12","","","Con contrato. Precio en predio . 8 cuotas. "
"2024","4","2024-04-17","7","Región del Maule","Sagrada Familia","Bodega y viñedos Korta Bucarey ","Santa Ana de Peteroa s/n ","Chardonnay (b)","200","12","","","Con contrato, precio en predio y pago en 6 cuotas."
"2024","4","2024-04-17","7","Región del Maule","Molina","Vinícola Patacon","Avn.Oscar Commentz #117","Chardonnay (b)","150","12","","","Con contrato. Precio en predio . 8 cuotas. "
"2024","4","2024-04-17","7","Región del Maule","Molina","Vinícola Patacon","Avn.Oscar Commentz #117","Chardonnay (b)","150","12","","","Con contrato. Precio en predio . 8 cuotas. "
"2024","4","2024-04-17","7","Región del Maule","Molina","Vinícola Patacon","Avn.Oscar Commentz #117","Chardonnay (b)","150","12","","","Con contrato. Precio en predio . 8 cuotas. "
"2024","4","2024-04-17","7","Región del Maule","Molina","Vinícola Patacon","Avn.Oscar Commentz #117","Chardonnay (b)","150","12","","","Con contrato. Precio en predio . 8 cuotas. "
"2024","4","2024-04-17","7","Región del Maule","Molina","Vinícola Patacon","Avn.Oscar Commentz #117","Chardonnay (b)","150","12","","","Con contrato. Precio en predio . 8 cuotas. "
"2024","4","2024-04-17","7","Región del Maule","Molina","Vinícola Patacon","Avn.Oscar Commentz #117","Chardonnay (b)","150","12","","","Con contrato. Precio en predio . 8 cuotas. "
"2024","4","2024-04-17","7","Región del Maule","Molina","Vinícola Patacon","Avn.Oscar Commentz #117","Chardonnay (b)","150","12","","","Con contrato. Precio en predio . 8 cuotas. "
"2024","4","2024-04-17","7","Región del Maule","Molina","Vinícola Patacon","Avn.Oscar Commentz #117","Chardonnay (b)","150","12","","","Con contrato. Precio en predio . 8 cuotas. "
"2024","4","2024-04-17","7","Región del Maule","Molina","Vinícola Patacon","Avn.Oscar Commentz #117","Chardonnay (b)","150","12","","","Con contrato. Precio en predio . 8 cuotas. "
"2024","4","2024-04-17","7","Región del Maule","Molina","Vinícola Patacon","Avn.Oscar Commentz #117","Chardonnay (b)","150","12","","","Con contrato. Precio en predio . 8 cuotas. "
"2024","4","2024-04-17","7","Región del Maule","Sagrada Familia","RR Wine ","Fundo El Sanatorio s/n, sector Pulmodon","Malbec","100","12","","","Con contrato, precio en predio y pago en 1 a 6 cuotas."
"2024","4","2024-04-17","7","Región del Maule","Sagrada Familia","RR Wine ","Fundo El Sanatorio s/n, sector Pulmodon","Merlot (t)","100","12","","","Con contrato, precio en predio y pago en 1 a 6 cuotas."
"2024","4","2024-04-17","7","Región del Maule","Molina","Vinícola Patacon","Avn.Oscar Commentz #117","Merlot (t)","90","12","","","Con contrato. Precio en predio. 8 cuotas."
"2024","4","2024-04-17","7","Región del Maule","Teno","Viña Santa Irene ","Ruta J-115 0620","Merlot (t)","100","12","","","Con contrato, precio en bodega y pago en 3 cuotas."
"2024","4","2024-04-17","7","Región del Maule","Molina","Vinícola Patacon","Avn.Oscar Commentz #117","Merlot (t)","90","12","","","Con contrato. Precio en predio. 8 cuotas."
"2024","4","2024-04-17","7","Región del Maule","Molina","Vinícola Patacon","Avn.Oscar Commentz #117","Merlot (t)","90","12","","","Con contrato. Precio en predio. 8 cuotas."
"2024","4","2024-04-17","7","Región del Maule","Molina","Vinícola Patacon","Avn.Oscar Commentz #117","Merlot (t)","90","12","","","Con contrato. Precio en predio. 8 cuotas."
"2024","4","2024-04-17","7","Región del Maule","Molina","Vinícola Patacon","Avn.Oscar Commentz #117","Merlot (t)","90","12","","","Con contrato. Precio en predio. 8 cuotas."
"2024","4","2024-04-17","7","Región del Maule","Molina","Vinícola Patacon","Avn.Oscar Commentz #117","Merlot (t)","90","12","","","Con contrato. Precio en predio. 8 cuotas."
"2024","4","2024-04-17","7","Región del Maule","Molina","Vinícola Patacon","Avn.Oscar Commentz #117","Merlot (t)","90","12","","","Con contrato. Precio en predio. 8 cuotas."
"2024","4","2024-04-17","7","Región del Maule","Molina","Vinícola Patacon","Avn.Oscar Commentz #117","Merlot (t)","90","12","","","Con contrato. Precio en predio. 8 cuotas."
"2024","4","2024-04-17","7","Región del Maule","Molina","Vinícola Patacon","Avn.Oscar Commentz #117","Merlot (t)","90","12","","","Con contrato. Precio en predio. 8 cuotas."
"2024","4","2024-04-17","7","Región del Maule","Molina","Vinícola Patacon","Avn.Oscar Commentz #117","Merlot (t)","90","12","","","Con contrato. Precio en predio. 8 cuotas."
"2024","4","2024-04-17","7","Región del Maule","Molina","Vinícola Patacon","Avn.Oscar Commentz #117","Merlot (t)","90","12","","","Con contrato. Precio en predio. 8 cuotas."
"2024","4","2024-04-17","7","Región del Maule","Molina","Vinícola Patacon","Avn.Oscar Commentz #117","Merlot (t)","90","12","","","Con contrato. Precio en predio. 8 cuotas."
"2024","4","2024-04-17","7","Región del Maule","Molina","Vinícola Patacon","Avn.Oscar Commentz #117","Merlot (t)","90","12","","","Con contrato. Precio en predio. 8 cuotas."
"2024","4","2024-04-17","7","Región del Maule","Molina","Vinícola Patacon","Avn.Oscar Commentz #117","Merlot (t)","90","12","","","Con contrato. Precio en predio. 8 cuotas."
"2024","4","2024-04-17","7","Región del Maule","Sagrada Familia","Viña Correa Albano","Bodega Santa Rosa s/n","Merlot (t)","120","12","","","Con contrato, precio en predio y pago en 1 a 5 cuotas."
"2024","4","2024-04-17","7","Región del Maule","Sagrada Familia","Viña Correa Albano","Bodega Santa Rosa s/n","Moscatel de Alejandría","170","12","","","Con contrato. Precio en predio. Pago de 1 a 5 cuotas."
"2024","4","2024-04-17","7","Región del Maule","Sagrada Familia","RR Wine ","Fundo El Sanatorio s/n, sector Pulmodon","Moscatel de Alejandría","150","12","","","Con contrato. Precio en predio. Pago de 1 a 6 cuotas."
"2024","4","2024-04-17","7","Región del Maule","Sagrada Familia","RR Wine ","Fundo El Sanatorio s/n, sector Pulmodon","Pais - Mission, Criolla","100","12","","","Con contrato. Precio en predio. Pago en 1 a 6 cuotas."
"2024","4","2024-04-17","7","Región del Maule","Curicó","Exportadora de mostos y vinos Jucosol ","Lautaro 1026","Pais - Mission, Criolla","130","12","","","Con contrato, precio en predio y pago entre 1 a 6 cotas."
"2024","4","2024-04-17","7","Región del Maule","Curicó","Exportadora de mostos y vinos Jucosol ","Lautaro 1026","Pais - Mission, Criolla","120","12","","","Con contrato, precio en predio y pago entre 1 a 6 cuotas."
"2024","4","2024-04-17","7","Región del Maule","Sagrada Familia","Viña Correa Albano","Bodega Santa Rosa s/n","Pais - Mission, Criolla","80","12","","","Con contrato. Precio en predio.Pago en 1 a 5 cuotas."
"2024","4","2024-04-17","7","Región del Maule","Sagrada Familia","RR Wine ","Fundo El Sanatorio s/n, sector Pulmodon","Pinot negro (Noir)","100","12","","","Con contrato. Precio en predio. Pago en 1 a 6 cuotas."
"2024","4","2024-04-17","7","Región del Maule","Molina","Vinícola Patacon","Avn.Oscar Commentz #117","Pinot negro (Noir)","100","12","","","Con contrato. Precio en predio. 8 cuotas."
"2024","4","2024-04-17","7","Región del Maule","Molina","Vinícola Patacon","Avn.Oscar Commentz #117","Pinot negro (Noir)","100","12","","","Con contrato. Precio en predio. 8 cuotas."
"2024","4","2024-04-17","7","Región del Maule","Molina","Vinícola Patacon","Avn.Oscar Commentz #117","Pinot negro (Noir)","100","12","","","Con contrato. Precio en predio. 8 cuotas."
"2024","4","2024-04-17","7","Región del Maule","Molina","Vinícola Patacon","Avn.Oscar Commentz #117","Pinot negro (Noir)","100","12","","","Con contrato. Precio en predio. 8 cuotas."
"2024","4","2024-04-17","7","Región del Maule","Molina","Vinícola Patacon","Avn.Oscar Commentz #117","Pinot negro (Noir)","100","12","","","Con contrato. Precio en predio. 8 cuotas."
"2024","4","2024-04-17","7","Región del Maule","Molina","Vinícola Patacon","Avn.Oscar Commentz #117","Pinot negro (Noir)","100","12","","","Con contrato. Precio en predio. 8 cuotas."
"2024","4","2024-04-17","7","Región del Maule","Molina","Vinícola Patacon","Avn.Oscar Commentz #117","Pinot negro (Noir)","100","12","","","Con contrato. Precio en predio. 8 cuotas."
"2024","4","2024-04-17","7","Región del Maule","Molina","Vinícola Patacon","Avn.Oscar Commentz #117","Pinot negro (Noir)","100","12","","","Con contrato. Precio en predio. 8 cuotas."
"2024","4","2024-04-17","7","Región del Maule","Molina","Vinícola Patacon","Avn.Oscar Commentz #117","Pinot negro (Noir)","100","12","","","Con contrato. Precio en predio. 8 cuotas."
"2024","4","2024-04-17","7","Región del Maule","Molina","Vinícola Patacon","Avn.Oscar Commentz #117","Pinot negro (Noir)","100","12","","","Con contrato. Precio en predio. 8 cuotas."
"2024","4","2024-04-17","7","Región del Maule","Molina","Vinícola Patacon","Avn.Oscar Commentz #117","Pinot negro (Noir)","100","12","","","Con contrato. Precio en predio. 8 cuotas."
"2024","4","2024-04-17","7","Región del Maule","Molina","Vinícola Patacon","Avn.Oscar Commentz #117","Pinot negro (Noir)","100","12","","","Con contrato. Precio en predio. 8 cuotas."
"2024","4","2024-04-17","7","Región del Maule","Molina","Vinícola Patacon","Avn.Oscar Commentz #117","Pinot negro (Noir)","100","12","","","Con contrato. Precio en predio. 8 cuotas."
"2024","4","2024-04-17","7","Región del Maule","Molina","Vinícola Patacon","Avn.Oscar Commentz #117","Pinot negro (Noir)","100","12","","","Con contrato. Precio en predio. 8 cuotas."
"2024","4","2024-04-17","7","Región del Maule","Molina","Vinícola Patacon","Avn.Oscar Commentz #117","Sauvignon Blanc (Fumé)","150","12","","","Con contrato. Precio en predio. 8 cuotas. "
"2024","4","2024-04-17","7","Región del Maule","Molina","Vinícola Patacon","Avn.Oscar Commentz #117","Sauvignon Blanc (Fumé)","90","12","","","Con contrato. Precio en predio. 8 cuotas."
"2024","4","2024-04-17","7","Región del Maule","Molina","Vinícola Patacon","Avn.Oscar Commentz #117","Sauvignon Blanc (Fumé)","150","12","","","Con contrato. Precio en predio. 8 cuotas. "
"2024","4","2024-04-17","7","Región del Maule","Molina","Vinícola Patacon","Avn.Oscar Commentz #117","Sauvignon Blanc (Fumé)","90","12","","","Con contrato. Precio en predio. 8 cuotas."
"2024","4","2024-04-17","7","Región del Maule","Molina","Vinícola Patacon","Avn.Oscar Commentz #117","Sauvignon Blanc (Fumé)","150","12","","","Con contrato. Precio en predio. 8 cuotas. "
"2024","4","2024-04-17","7","Región del Maule","Molina","Vinícola Patacon","Avn.Oscar Commentz #117","Sauvignon Blanc (Fumé)","90","12","","","Con contrato. Precio en predio. 8 cuotas."
"2024","4","2024-04-17","7","Región del Maule","Molina","Vinícola Patacon","Avn.Oscar Commentz #117","Sauvignon Blanc (Fumé)","150","12","","","Con contrato. Precio en predio. 8 cuotas. "
"2024","4","2024-04-17","7","Región del Maule","Molina","Vinícola Patacon","Avn.Oscar Commentz #117","Sauvignon Blanc (Fumé)","150","12","","","Con contrato. Precio en predio. 8 cuotas. "
"2024","4","2024-04-17","7","Región del Maule","Molina","Vinícola Patacon","Avn.Oscar Commentz #117","Sauvignon Blanc (Fumé)","90","12","","","Con contrato. Precio en predio. 8 cuotas."
"2024","4","2024-04-17","7","Región del Maule","Molina","Vinícola Patacon","Avn.Oscar Commentz #117","Sauvignon Blanc (Fumé)","150","12","","","Con contrato. Precio en predio. 8 cuotas. "
"2024","4","2024-04-17","7","Región del Maule","Molina","Vinícola Patacon","Avn.Oscar Commentz #117","Sauvignon Blanc (Fumé)","150","12","","","Con contrato. Precio en predio. 8 cuotas. "
"2024","4","2024-04-17","7","Región del Maule","Molina","Vinícola Patacon","Avn.Oscar Commentz #117","Sauvignon Blanc (Fumé)","90","12","","","Con contrato. Precio en predio. 8 cuotas."
"2024","4","2024-04-17","7","Región del Maule","Molina","Vinícola Patacon","Avn.Oscar Commentz #117","Sauvignon Blanc (Fumé)","90","12","","","Con contrato. Precio en predio. 8 cuotas."
"2024","4","2024-04-17","7","Región del Maule","Molina","Vinícola Patacon","Avn.Oscar Commentz #117","Sauvignon Blanc (Fumé)","150","12","","","Con contrato. Precio en predio. 8 cuotas. "
"2024","4","2024-04-17","7","Región del Maule","Molina","Vinícola Patacon","Avn.Oscar Commentz #117","Sauvignon Blanc (Fumé)","90","12","","","Con contrato. Precio en predio. 8 cuotas."
"2024","4","2024-04-17","7","Región del Maule","Molina","Vinícola Patacon","Avn.Oscar Commentz #117","Sauvignon Blanc (Fumé)","90","12","","","Con contrato. Precio en predio. 8 cuotas."
"2024","4","2024-04-17","7","Región del Maule","Molina","Vinícola Patacon","Avn.Oscar Commentz #117","Sauvignon Blanc (Fumé)","150","12","","","Con contrato. Precio en predio. 8 cuotas. "
"2024","4","2024-04-17","7","Región del Maule","Molina","Vinícola Patacon","Avn.Oscar Commentz #117","Sauvignon Blanc (Fumé)","150","12","","","Con contrato. Precio en predio. 8 cuotas. "
"2024","4","2024-04-17","7","Región del Maule","Molina","Vinícola Patacon","Avn.Oscar Commentz #117","Sauvignon Blanc (Fumé)","90","12","","","Con contrato. Precio en predio. 8 cuotas."
"2024","4","2024-04-17","7","Región del Maule","Molina","Vinícola Patacon","Avn.Oscar Commentz #117","Sauvignon Blanc (Fumé)","90","12","","","Con contrato. Precio en predio. 8 cuotas."
"2024","4","2024-04-17","7","Región del Maule","Molina","Vinícola Patacon","Avn.Oscar Commentz #117","Sauvignon Blanc (Fumé)","150","12","","","Con contrato. Precio en predio. 8 cuotas. "
"2024","4","2024-04-17","7","Región del Maule","Molina","Vinícola Patacon","Avn.Oscar Commentz #117","Sauvignon Blanc (Fumé)","90","12","","","Con contrato. Precio en predio. 8 cuotas."
"2024","4","2024-04-17","7","Región del Maule","Sagrada Familia","Bodega y viñedos Korta Bucarey ","Santa Ana de Peteroa s/n ","Sauvignon Blanc (Fumé)","200","12","","","Con contrato, precio en predio y pago en 3 cuotas."
"2024","4","2024-04-17","7","Región del Maule","Molina","Vinícola Patacon","Avn.Oscar Commentz #117","Sauvignon Blanc (Fumé)","90","12","","","Con contrato. Precio en predio. 8 cuotas."
"2024","4","2024-04-17","7","Región del Maule","Molina","Vinícola Patacon","Avn.Oscar Commentz #117","Sauvignon Blanc (Fumé)","150","12","","","Con contrato. Precio en predio. 8 cuotas. "
"2024","4","2024-04-17","7","Región del Maule","Molina","Vinícola Patacon","Avn.Oscar Commentz #117","Sauvignon Blanc (Fumé)","150","12","","","Con contrato. Precio en predio. 8 cuotas. "
"2024","4","2024-04-17","7","Región del Maule","Molina","Vinícola Patacon","Avn.Oscar Commentz #117","Sauvignon Blanc (Fumé)","90","12","","","Con contrato. Precio en predio. 8 cuotas."
"2024","4","2024-04-17","7","Región del Maule","Sagrada Familia","Sociedad agrícola Requinhua ","Fundo Requingua s/n","Sauvignon Blanc (Fumé)","200","12","","","Con contrato, precio en predio y pago en 10 cuotas."
"2024","4","2024-04-17","7","Región del Maule","Sagrada Familia","RR Wine ","Fundo El Sanatorio s/n, sector Pulmodon","Sauvignon Blanc (Fumé)","150","12","","","Con contrato. Precio en Predio. Pago en 1 a 6 cuotas."
"2024","4","2024-04-17","7","Región del Maule","Molina","Vinícola Patacon","Avn.Oscar Commentz #117","Sauvignon Blanc (Fumé)","150","12","","","Con contrato. Precio en predio. 8 cuotas. "
"2024","4","2024-04-17","7","Región del Maule","Teno","Viña Santa Irene ","Ruta J-115 0620","Sauvignon Blanc (Fumé)","100","12","","","Con contrato, precio en bodega y pago en 3 cuotas."
"2024","4","2024-04-17","7","Región del Maule","Molina","Vinícola Patacon","Avn.Oscar Commentz #117","Sauvignon Blanc (Fumé)","90","12","","","Con contrato. Precio en predio. 8 cuotas."
"2024","4","2024-04-17","7","Región del Maule","Rauco","Viña Las Pitras ","Camino Fundo Las Pitras s/n","Sauvignon Blanc (Fumé)","200","12","","","Con contrato, precio en bodega y pago en 5 a 6 cuotas."
"2024","4","2024-04-17","7","Región del Maule","Sagrada Familia","Viña Correa Albano","Bodega Santa Rosa s/n","Sauvignon Blanc (Fumé)","170","12","","","Con contrato. Precio en predio. Pago de 1 a 5 cuotas."
"2024","4","2024-04-17","7","Región del Maule","Sagrada Familia","Viña Correa Albano","Bodega Santa Rosa s/n","Syrah (Sirah)","120","12","","","Con contrato, precio en predio y pago en 1 a 5 cuotas."
"2024","4","2024-04-17","7","Región del Maule","Sagrada Familia","RR Wine ","Fundo El Sanatorio s/n, sector Pulmodon","Syrah (Sirah)","100","12","","","Con contrato, precio en predio y pago en 1 a 6 cuotas."
"2024","4","2024-04-17","7","Región del Maule","Curicó","Exportadora de mostos y vinos Jucosol ","Lautaro 1026","Tintoreras","100","12","","","Con contrato, precio en predio y pago entre 1 a 6 cuotas."
"2024","4","2024-04-17","7","Región del Maule","Sagrada Familia","Viña Correa Albano","Bodega Santa Rosa s/n","Tintoreras","100","12","","","Con contrato.Precio en predio. Pago de 1 a 5 cuotas."
"2024","4","2024-04-17","7","Región del Maule","Teno","Viña Santa Irene ","Ruta J-115 0620","Tintoreras","100","12","","","Con contrato. Precio en bodega. Pago en 3 cuotas."
"2024","4","2024-04-17","7","Región del Maule","Sagrada Familia","RR Wine ","Fundo El Sanatorio s/n, sector Pulmodon","Viognier","150","12","","","Con contrato. Precio en predio. Pago de 1 a 6 cuotas."
"2024","4","2024-04-18","7","Región del Maule","Villa Alegre","Viña Saavedra ","Camino a Melozal s/n, Fundo El Morro","Cabernet Sauvignon","130","12","","","Con contrato, precio en bodega y pago en 1 a 2 cuotas."
"2024","4","2024-04-18","7","Región del Maule","San Javier","Sociedad agroindustrial Cerrillos ","Melozal Cerrillos Ruta L-366","Carignan (Cariñena)","100","12","","","Con contrato, precio en predio y pago en 1a 4 cuotas."
"2024","4","2024-04-18","7","Región del Maule","Linares","Viña Portal del Sur ","Ruta L-240 s/n","Moscatel de Alejandría","150","12","","","Con contrato. Precio en predio. Pago de 1 a 8 cuotas."
"2024","4","2024-04-18","7","Región del Maule","Linares","Viña Portal del Sur ","Ruta L-240 s/n","Pais - Mission, Criolla","130","12","","","Con contrato, precio en predio y pago en 1 a 8 cuotas."
"2024","4","2024-04-18","7","Región del Maule","San Javier","Sociedad agroindustrial Cerrillos ","Melozal Cerrillos Ruta L-366","Pais - Mission, Criolla","120","12","","","Con contrato, precio en predio y pago en 1 a 4 cuotas."
"2024","4","2024-04-18","7","Región del Maule","Villa Alegre","Viña Saavedra ","Camino a Melozal s/n, Fundo El Morro","Sauvignon Blanc (Fumé)","200","12","","","Con contrato, precio en bodega y pago en 1 a 2 cuotas."
"2024","4","2024-04-18","7","Región del Maule","Villa Alegre","Viña Saavedra ","Camino a Melozal s/n, Fundo El Morro","Syrah (Sirah)","130","12","","","Con contrato, precio en bodega y pago en 1 a 2 cuotas."
"2024","4","2024-04-18","7","Región del Maule","Villa Alegre","Viña Saavedra ","Camino a Melozal s/n, Fundo El Morro","Torontel blanca","160","12","","","Con contrato, precio en bodega y pago en 1 a 2 cuotas."
"2024","4","2024-04-18","7","Región del Maule","Linares","Viña Portal del Sur ","Ruta L-240 s/n","Torontel blanca","150","12","","","Con contraro. Precio en predio. Pago de 1 a 8 cuotas."
"2024","4","2024-04-04","8","Región del Biobío","Florida","Viñedos De Rahuil Alto. Florida.","Hijuela 80, Rahuil Alto, Florida.","Moscatel de Alejandría","170","20","2024-04-11","170","mucho menor producción en comparación al año anterior, afectados por heladas y déficit hidrico"
"2024","4","2024-04-04","8","Región del Biobío","Quilaco","Benigno Cea Rubios","Quilaco","Moscatel de Alejandría","170","20","2024-04-11","170","menor cantidad de uva producida esta temporada en comparación al año pasado, principalmente menor cantidad de lluvias, precios demasiado altos en fertilizantes y agroquimicos que limitan la inversión "
"2024","4","2024-04-04","8","Región del Biobío","Florida","Viñedos De Rahuil Alto. Florida.","Hijuela 80, Rahuil Alto, Florida.","Moscatel de Alejandría","170","20","2024-04-11","170","mucho menor producción en comparación al año anterior, afectados por heladas y déficit hidrico"
"2024","4","2024-04-04","8","Región del Biobío","Quilaco","Benigno Cea Rubios","Quilaco","Moscatel de Alejandría","170","20","2024-04-11","170","menor cantidad de uva producida esta temporada en comparación al año pasado, principalmente menor cantidad de lluvias, precios demasiado altos en fertilizantes y agroquimicos que limitan la inversión "
"2024","4","2024-04-04","8","Región del Biobío","Florida","Viñedos De Rahuil Alto. Florida.","Hijuela 80, Rahuil Alto, Florida.","Moscatel de Alejandría","170","20","2024-04-11","170","mucho menor producción en comparación al año anterior, afectados por heladas y déficit hidrico"
"2024","4","2024-04-04","8","Región del Biobío","Quilaco","Benigno Cea Rubios","Quilaco","Moscatel de Alejandría","170","20","2024-04-11","170","menor cantidad de uva producida esta temporada en comparación al año pasado, principalmente menor cantidad de lluvias, precios demasiado altos en fertilizantes y agroquimicos que limitan la inversión "
"2024","4","2024-04-04","8","Región del Biobío","Quilaco","Benigno Cea Rubios","Quilaco","Moscatel de Alejandría","170","20","2024-04-11","170","menor cantidad de uva producida esta temporada en comparación al año pasado, principalmente menor cantidad de lluvias, precios demasiado altos en fertilizantes y agroquimicos que limitan la inversión "
"2024","4","2024-04-04","8","Región del Biobío","Quilaco","Benigno Cea Rubios","Quilaco","Moscatel de Alejandría","170","20","2024-04-11","170","menor cantidad de uva producida esta temporada en comparación al año pasado, principalmente menor cantidad de lluvias, precios demasiado altos en fertilizantes y agroquimicos que limitan la inversión "
"2024","4","2024-04-04","8","Región del Biobío","Quilaco","Benigno Cea Rubios","Quilaco","Moscatel de Alejandría","170","20","2024-04-11","170","menor cantidad de uva producida esta temporada en comparación al año pasado, principalmente menor cantidad de lluvias, precios demasiado altos en fertilizantes y agroquimicos que limitan la inversión "
"2024","4","2024-04-04","8","Región del Biobío","Quilaco","Benigno Cea Rubios","Quilaco","Moscatel de Alejandría","170","20","2024-04-11","170","menor cantidad de uva producida esta temporada en comparación al año pasado, principalmente menor cantidad de lluvias, precios demasiado altos en fertilizantes y agroquimicos que limitan la inversión "
"2024","4","2024-04-04","8","Región del Biobío","Quilaco","Benigno Cea Rubios","Quilaco","Moscatel de Alejandría","170","20","2024-04-11","170","menor cantidad de uva producida esta temporada en comparación al año pasado, principalmente menor cantidad de lluvias, precios demasiado altos en fertilizantes y agroquimicos que limitan la inversión "
"2024","4","2024-04-04","8","Región del Biobío","Quilaco","Benigno Cea Rubios","Quilaco","Moscatel de Alejandría","170","20","2024-04-11","170","menor cantidad de uva producida esta temporada en comparación al año pasado, principalmente menor cantidad de lluvias, precios demasiado altos en fertilizantes y agroquimicos que limitan la inversión "
"2024","4","2024-04-04","8","Región del Biobío","Quilaco","Benigno Cea Rubios","Quilaco","Moscatel de Alejandría","170","20","2024-04-11","170","menor cantidad de uva producida esta temporada en comparación al año pasado, principalmente menor cantidad de lluvias, precios demasiado altos en fertilizantes y agroquimicos que limitan la inversión "
"2024","4","2024-04-04","8","Región del Biobío","Quilaco","Benigno Cea Rubios","Quilaco","Moscatel de Alejandría","170","20","2024-04-11","170","menor cantidad de uva producida esta temporada en comparación al año pasado, principalmente menor cantidad de lluvias, precios demasiado altos en fertilizantes y agroquimicos que limitan la inversión "
"2024","4","2024-04-04","8","Región del Biobío","Quilaco","Benigno Cea Rubios","Quilaco","Moscatel de Alejandría","170","20","2024-04-11","170","menor cantidad de uva producida esta temporada en comparación al año pasado, principalmente menor cantidad de lluvias, precios demasiado altos en fertilizantes y agroquimicos que limitan la inversión "
"2024","4","2024-04-04","8","Región del Biobío","Quilaco","Benigno Cea Rubios","Quilaco","Moscatel de Alejandría","170","20","2024-04-11","170","menor cantidad de uva producida esta temporada en comparación al año pasado, principalmente menor cantidad de lluvias, precios demasiado altos en fertilizantes y agroquimicos que limitan la inversión "
"2024","4","2024-04-18","8","Región del Biobío","Florida","Viñedos De Rahuil Alto. Florida.","Hijuela 80, Rahuil Alto, Florida.","Cinsault","120","20","2024-04-25","120",""
"2024","4","2024-04-18","8","Región del Biobío","Florida","Viñedos De Rahuil Alto. Florida.","Hijuela 80, Rahuil Alto, Florida.","Cinsault","120","20","2024-04-25","120",""
"2024","4","2024-04-18","8","Región del Biobío","Florida","Viñedos De Rahuil Alto. Florida.","Hijuela 80, Rahuil Alto, Florida.","Cinsault","120","20","2024-04-25","120",""
"2024","4","2024-04-18","8","Región del Biobío","Florida","Viñedos De Rahuil Alto. Florida.","Hijuela 80, Rahuil Alto, Florida.","Cinsault","120","20","2024-04-25","120",""
"2024","4","2024-04-18","8","Región del Biobío","Florida","Viñedos De Rahuil Alto. Florida.","Hijuela 80, Rahuil Alto, Florida.","Cinsault","120","20","2024-04-25","120",""
"2024","4","2024-04-18","8","Región del Biobío","Florida","Viñedos De Rahuil Alto. Florida.","Hijuela 80, Rahuil Alto, Florida.","Cinsault","120","20","2024-04-25","120",""
"2024","4","2024-04-18","8","Región del Biobío","Florida","Viñedos De Rahuil Alto. Florida.","Hijuela 80, Rahuil Alto, Florida.","Cinsault","120","20","2024-04-25","120",""
"2024","4","2024-04-18","8","Región del Biobío","Florida","Viñedos De Rahuil Alto. Florida.","Hijuela 80, Rahuil Alto, Florida.","Cinsault","120","20","2024-04-25","120",""
"2024","4","2024-04-18","8","Región del Biobío","Florida","Viñedos De Rahuil Alto. Florida.","Hijuela 80, Rahuil Alto, Florida.","Cinsault","120","20","2024-04-25","120",""
"2024","4","2024-04-18","8","Región del Biobío","Florida","Viñedos De Rahuil Alto. Florida.","Hijuela 80, Rahuil Alto, Florida.","Cinsault","120","20","2024-04-25","120",""
"2024","4","2024-04-18","8","Región del Biobío","Florida","Viñedos De Rahuil Alto. Florida.","Hijuela 80, Rahuil Alto, Florida.","Cinsault","120","20","2024-04-25","120",""
"2024","4","2024-04-18","8","Región del Biobío","Florida","Viñedos De Rahuil Alto. Florida.","Hijuela 80, Rahuil Alto, Florida.","Cinsault","120","20","2024-04-25","120",""
"2024","4","2024-04-18","8","Región del Biobío","Florida","Viñedos De Rahuil Alto. Florida.","Hijuela 80, Rahuil Alto, Florida.","Cinsault","120","20","2024-04-25","120",""
"2024","4","2024-04-18","8","Región del Biobío","Florida","Viñedos De Rahuil Alto. Florida.","Hijuela 80, Rahuil Alto, Florida.","Cinsault","120","20","2024-04-25","120",""
"2024","4","2024-04-18","8","Región del Biobío","Florida","Viñedos De Rahuil Alto. Florida.","Hijuela 80, Rahuil Alto, Florida.","Moscatel de Alejandría","180","20","2024-04-25","180",""
"2024","4","2024-04-18","8","Región del Biobío","Quilaco","Benigno Cea Rubios","Quilaco","Moscatel de Alejandría","180","20","2024-04-25","180",""
"2024","4","2024-04-18","8","Región del Biobío","Florida","Viñedos De Rahuil Alto. Florida.","Hijuela 80, Rahuil Alto, Florida.","Moscatel de Alejandría","180","20","2024-04-25","180",""
"2024","4","2024-04-18","8","Región del Biobío","Quilaco","Benigno Cea Rubios","Quilaco","Moscatel de Alejandría","180","20","2024-04-25","180",""
"2024","4","2024-04-18","8","Región del Biobío","Florida","Viñedos De Rahuil Alto. Florida.","Hijuela 80, Rahuil Alto, Florida.","Moscatel de Alejandría","180","20","2024-04-25","180",""
"2024","4","2024-04-18","8","Región del Biobío","Quilaco","Benigno Cea Rubios","Quilaco","Moscatel de Alejandría","180","20","2024-04-25","180",""
"2024","4","2024-04-18","8","Región del Biobío","Florida","Viñedos De Rahuil Alto. Florida.","Hijuela 80, Rahuil Alto, Florida.","Moscatel de Alejandría","180","20","2024-04-25","180",""
"2024","4","2024-04-18","8","Región del Biobío","Quilaco","Benigno Cea Rubios","Quilaco","Moscatel de Alejandría","180","20","2024-04-25","180",""
"2024","4","2024-04-18","8","Región del Biobío","Florida","Viñedos De Rahuil Alto. Florida.","Hijuela 80, Rahuil Alto, Florida.","Moscatel de Alejandría","180","20","2024-04-25","180",""
"2024","4","2024-04-18","8","Región del Biobío","Florida","Viñedos De Rahuil Alto. Florida.","Hijuela 80, Rahuil Alto, Florida.","Moscatel de Alejandría","180","20","2024-04-25","180",""
"2024","4","2024-04-18","8","Región del Biobío","Quilaco","Benigno Cea Rubios","Quilaco","Moscatel de Alejandría","180","20","2024-04-25","180",""
"2024","4","2024-04-18","8","Región del Biobío","Florida","Viñedos De Rahuil Alto. Florida.","Hijuela 80, Rahuil Alto, Florida.","Moscatel de Alejandría","180","20","2024-04-25","180",""
"2024","4","2024-04-18","8","Región del Biobío","Quilaco","Benigno Cea Rubios","Quilaco","Moscatel de Alejandría","180","20","2024-04-25","180",""
"2024","4","2024-04-18","8","Región del Biobío","Florida","Viñedos De Rahuil Alto. Florida.","Hijuela 80, Rahuil Alto, Florida.","Moscatel de Alejandría","180","20","2024-04-25","180",""
"2024","4","2024-04-18","8","Región del Biobío","Quilaco","Benigno Cea Rubios","Quilaco","Moscatel de Alejandría","180","20","2024-04-25","180",""
"2024","4","2024-04-18","8","Región del Biobío","Florida","Viñedos De Rahuil Alto. Florida.","Hijuela 80, Rahuil Alto, Florida.","Moscatel de Alejandría","180","20","2024-04-25","180",""
"2024","4","2024-04-18","8","Región del Biobío","Quilaco","Benigno Cea Rubios","Quilaco","Moscatel de Alejandría","180","20","2024-04-25","180",""
"2024","4","2024-04-18","8","Región del Biobío","Quilaco","Benigno Cea Rubios","Quilaco","Moscatel de Alejandría","180","20","2024-04-25","180",""
"2024","4","2024-04-18","8","Región del Biobío","Quilaco","Benigno Cea Rubios","Quilaco","Moscatel de Alejandría","180","20","2024-04-25","180",""
"2024","4","2024-04-18","8","Región del Biobío","Florida","Viñedos De Rahuil Alto. Florida.","Hijuela 80, Rahuil Alto, Florida.","Moscatel de Alejandría","180","20","2024-04-25","180",""
"2024","4","2024-04-18","8","Región del Biobío","Quilaco","Benigno Cea Rubios","Quilaco","Moscatel de Alejandría","180","20","2024-04-25","180",""
"2024","4","2024-04-18","8","Región del Biobío","Florida","Viñedos De Rahuil Alto. Florida.","Hijuela 80, Rahuil Alto, Florida.","Moscatel de Alejandría","180","20","2024-04-25","180",""
"2024","4","2024-04-18","8","Región del Biobío","Quilaco","Benigno Cea Rubios","Quilaco","Moscatel de Alejandría","180","20","2024-04-25","180",""
"2024","4","2024-04-18","8","Región del Biobío","Florida","Viñedos De Rahuil Alto. Florida.","Hijuela 80, Rahuil Alto, Florida.","Moscatel de Alejandría","180","20","2024-04-25","180",""
"2024","4","2024-04-18","8","Región del Biobío","Quilaco","Benigno Cea Rubios","Quilaco","Moscatel de Alejandría","180","20","2024-04-25","180",""
"2024","4","2024-04-18","8","Región del Biobío","Florida","Viñedos De Rahuil Alto. Florida.","Hijuela 80, Rahuil Alto, Florida.","Moscatel de Alejandría","180","20","2024-04-25","180",""
"2024","4","2024-04-18","8","Región del Biobío","Quilaco","Benigno Cea Rubios","Quilaco","Moscatel de Alejandría","180","20","2024-04-25","180",""
"2024","4","2024-04-18","8","Región del Biobío","Florida","Viñedos De Rahuil Alto. Florida.","Hijuela 80, Rahuil Alto, Florida.","Moscatel de Alejandría","180","20","2024-04-25","180",""
"2024","4","2024-04-18","8","Región del Biobío","Quilaco","Benigno Cea Rubios","Quilaco","Moscatel de Alejandría","180","20","2024-04-25","180",""
"2024","4","2024-04-18","8","Región del Biobío","Yumbel","Comercializadora La Patagua","Cerro Parra","Pais - Mission, Criolla","140","20","2024-04-26","140","menor producción debido al daño por heladas"
"2024","4","2024-04-18","8","Región del Biobío","Quilaco","Benigno Cea Rubios","Quilaco","Pais - Mission, Criolla","140","20","2024-04-25","140",""
"2024","4","2024-04-18","8","Región del Biobío","Yumbel","Comercializadora La Patagua","Cerro Parra","Pais - Mission, Criolla","140","20","2024-04-26","140","menor producción debido al daño por heladas"
"2024","4","2024-04-18","8","Región del Biobío","Yumbel","Comercializadora La Patagua","Cerro Parra","Pais - Mission, Criolla","140","20","2024-04-26","140","menor producción debido al daño por heladas"
"2024","4","2024-04-18","8","Región del Biobío","Yumbel","Comercializadora La Patagua","Cerro Parra","Pais - Mission, Criolla","140","20","2024-04-26","140","menor producción debido al daño por heladas"
"2024","4","2024-04-18","8","Región del Biobío","Yumbel","Comercializadora La Patagua","Cerro Parra","Pais - Mission, Criolla","140","20","2024-04-26","140","menor producción debido al daño por heladas"
"2024","4","2024-04-18","8","Región del Biobío","Yumbel","Comercializadora La Patagua","Cerro Parra","Pais - Mission, Criolla","140","20","2024-04-26","140","menor producción debido al daño por heladas"
"2024","4","2024-04-18","8","Región del Biobío","Yumbel","Comercializadora La Patagua","Cerro Parra","Pais - Mission, Criolla","140","20","2024-04-26","140","menor producción debido al daño por heladas"
"2024","4","2024-04-18","8","Región del Biobío","Yumbel","Comercializadora La Patagua","Cerro Parra","Pais - Mission, Criolla","140","20","2024-04-26","140","menor producción debido al daño por heladas"
"2024","4","2024-04-18","8","Región del Biobío","Quilaco","Benigno Cea Rubios","Quilaco","Pais - Mission, Criolla","140","20","2024-04-25","140",""
"2024","4","2024-04-18","8","Región del Biobío","Yumbel","Comercializadora La Patagua","Cerro Parra","Pais - Mission, Criolla","140","20","2024-04-26","140","menor producción debido al daño por heladas"
"2024","4","2024-04-18","8","Región del Biobío","Quilaco","Benigno Cea Rubios","Quilaco","Pais - Mission, Criolla","140","20","2024-04-25","140",""
"2024","4","2024-04-18","8","Región del Biobío","Yumbel","Comercializadora La Patagua","Cerro Parra","Pais - Mission, Criolla","140","20","2024-04-26","140","menor producción debido al daño por heladas"
"2024","4","2024-04-18","8","Región del Biobío","Quilaco","Benigno Cea Rubios","Quilaco","Pais - Mission, Criolla","140","20","2024-04-25","140",""
"2024","4","2024-04-18","8","Región del Biobío","Yumbel","Comercializadora La Patagua","Cerro Parra","Pais - Mission, Criolla","140","20","2024-04-26","140","menor producción debido al daño por heladas"
"2024","4","2024-04-18","8","Región del Biobío","Quilaco","Benigno Cea Rubios","Quilaco","Pais - Mission, Criolla","140","20","2024-04-25","140",""
"2024","4","2024-04-18","8","Región del Biobío","Yumbel","Comercializadora La Patagua","Cerro Parra","Pais - Mission, Criolla","140","20","2024-04-26","140","menor producción debido al daño por heladas"
"2024","4","2024-04-18","8","Región del Biobío","Yumbel","Comercializadora La Patagua","Cerro Parra","Pais - Mission, Criolla","140","20","2024-04-26","140","menor producción debido al daño por heladas"
"2024","4","2024-04-18","8","Región del Biobío","Yumbel","Comercializadora La Patagua","Cerro Parra","Pais - Mission, Criolla","140","20","2024-04-26","140","menor producción debido al daño por heladas"
"2024","4","2024-04-18","8","Región del Biobío","Yumbel","Comercializadora La Patagua","Cerro Parra","Pais - Mission, Criolla","140","20","2024-04-26","140","menor producción debido al daño por heladas"
"2024","4","2024-04-18","8","Región del Biobío","Yumbel","Comercializadora La Patagua","Cerro Parra","Pais - Mission, Criolla","140","20","2024-04-26","140","menor producción debido al daño por heladas"
"2024","4","2024-04-18","8","Región del Biobío","Quilaco","Benigno Cea Rubios","Quilaco","Pais - Mission, Criolla","140","20","2024-04-25","140",""
"2024","4","2024-04-18","8","Región del Biobío","Yumbel","Comercializadora La Patagua","Cerro Parra","Pais - Mission, Criolla","140","20","2024-04-26","140","menor producción debido al daño por heladas"
"2024","4","2024-04-18","8","Región del Biobío","Quilaco","Benigno Cea Rubios","Quilaco","Pais - Mission, Criolla","140","20","2024-04-25","140",""
"2024","4","2024-04-18","8","Región del Biobío","Yumbel","Comercializadora La Patagua","Cerro Parra","Pais - Mission, Criolla","140","20","2024-04-26","140","menor producción debido al daño por heladas"
"2024","4","2024-04-18","8","Región del Biobío","Quilaco","Benigno Cea Rubios","Quilaco","Pais - Mission, Criolla","140","20","2024-04-25","140",""
"2024","4","2024-04-18","8","Región del Biobío","Yumbel","Comercializadora La Patagua","Cerro Parra","Pais - Mission, Criolla","140","20","2024-04-26","140","menor producción debido al daño por heladas"
"2024","4","2024-04-18","8","Región del Biobío","Quilaco","Benigno Cea Rubios","Quilaco","Pais - Mission, Criolla","140","20","2024-04-25","140",""
"2024","4","2024-04-18","8","Región del Biobío","Yumbel","Comercializadora La Patagua","Cerro Parra","Pais - Mission, Criolla","140","20","2024-04-26","140","menor producción debido al daño por heladas"
"2024","4","2024-04-18","8","Región del Biobío","Quilaco","Benigno Cea Rubios","Quilaco","Pais - Mission, Criolla","140","20","2024-04-25","140",""
"2024","4","2024-04-18","8","Región del Biobío","Quilaco","Benigno Cea Rubios","Quilaco","Pais - Mission, Criolla","140","20","2024-04-25","140",""
"2024","4","2024-04-18","8","Región del Biobío","Yumbel","Comercializadora La Patagua","Cerro Parra","Pais - Mission, Criolla","140","20","2024-04-26","140","menor producción debido al daño por heladas"
"2024","4","2024-04-18","8","Región del Biobío","Quilaco","Benigno Cea Rubios","Quilaco","Pais - Mission, Criolla","140","20","2024-04-25","140",""
"2024","4","2024-04-18","8","Región del Biobío","Yumbel","Comercializadora La Patagua","Cerro Parra","Pais - Mission, Criolla","140","20","2024-04-26","140","menor producción debido al daño por heladas"
"2024","4","2024-04-18","8","Región del Biobío","Quilaco","Benigno Cea Rubios","Quilaco","Pais - Mission, Criolla","140","20","2024-04-25","140",""
"2024","4","2024-04-18","8","Región del Biobío","Yumbel","Comercializadora La Patagua","Cerro Parra","Pais - Mission, Criolla","140","20","2024-04-26","140","menor producción debido al daño por heladas"
"2024","4","2024-04-18","8","Región del Biobío","Quilaco","Benigno Cea Rubios","Quilaco","Pais - Mission, Criolla","140","20","2024-04-25","140",""
"2024","4","2024-04-18","8","Región del Biobío","Yumbel","Comercializadora La Patagua","Cerro Parra","Pais - Mission, Criolla","140","20","2024-04-26","140","menor producción debido al daño por heladas"
"2024","4","2024-04-18","8","Región del Biobío","Quilaco","Benigno Cea Rubios","Quilaco","Pais - Mission, Criolla","140","20","2024-04-25","140",""
"2024","3","2024-03-25","16","Región de Ñuble","Quillón","Comercializadora La Patagua","Kilómetro 7, Cerro Negro, Quillon ","Chasselas","140","15","2024-04-07","160","precio minimo garantizado, reajustable a final de temporada, sin grados brix, se vende a viña matori con contrato. todo medio de pago de 30 hasta 45 dias."
"2024","3","2024-03-25","16","Región de Ñuble","Quillón","Cooperativa Covicen","Camino principal s/n, sector El Arenal","Chasselas","120","16","2024-04-07","140","precio minimo garantizado, reajustable a final de temporada, sin grados brix, cuenta con un programa de alianza, pago al contado. "
"2024","3","2024-03-25","16","Región de Ñuble","Quillón","Benigno Cea Rubios","Cerro Negro, kilómetro 11","Chasselas","120","13","2024-04-07","140","precio minimo garantizado, reajustable a final de temporada, sin grados brix, sin contrato y se paga al contado por etapas cada 15 dias."
"2024","3","2024-03-25","16","Región de Ñuble","Quillón","Benigno Cea Rubios","Cerro Negro, kilómetro 11","Corinto","120","13","2024-04-07","140","precio minimo garantizado, precio reajustable a final de temporada, sin grados brix, sin contrato, su pago es al contado cada 15 dias."
"2024","3","2024-03-25","16","Región de Ñuble","Quillón","Comercializadora La Patagua","Kilómetro 7, Cerro Negro, Quillon ","Moscatel de Alejandría","140","15","2024-04-07","160","precio minimo garantizado, reajustable a final de temporada, sin grados brix, se vende a viña matori con contrato. todo medio de pago de 30 hasta 45 dias."
"2024","3","2024-03-25","16","Región de Ñuble","Quillón","Cooperativa Covicen","Camino principal s/n, sector El Arenal","Moscatel de Alejandría","120","16","2024-04-07","140","precio minimo garantizado, reajustable a final de temporada, sin grados brix, cuenta con un programa de alianza, pago al contado. "
"2024","3","2024-03-26","16","Región de Ñuble","Portezuelo","Ecoparra","Baquedano 307","Corinto","120","16","2024-04-07","140","precio minimo garantizado, reajustable a final de temporada, se paga cada 15 dias por medio de transferencia y cheques, se vende hacia lomas de cauquenes. "
"2024","3","2024-03-26","16","Región de Ñuble","Ninhue","Viña Matori","Camino Kilómetro 33 S/N, Ninhue","Italia","120","12","2024-04-10","140","precio minimo garantizado, reajustable a final de temporada, sin contrato, sin grados brix, medio de pago transferencia cada 30 dias."
"2024","3","2024-03-26","16","Región de Ñuble","Ninhue","Inversiones y Comercial Loncomilla SpA.","Pangue S/N, Ninhue","Moscatel de Alejandría","130","12","2024-04-15","150","precio minimo garantizado con reajuste a fin de temporada. metedo de pago trnsferencias y efectivos, sin grado brix."
"2024","3","2024-03-26","16","Región de Ñuble","Portezuelo","Ecoparra","Baquedano 307","Moscatel de Alejandría","120","16","2024-04-07","140","precio minimo garantizado, reajustable a final de temporada, medio de pago transferencia cheques cada 15 dias, venden hacia lomas de cauquenes."
"2024","3","2024-03-26","16","Región de Ñuble","Ninhue","Viña Matori","Camino Kilómetro 33 S/N, Ninhue","Moscatel de Alejandría","120","12","2024-04-10","140","precio minimo garantizado, reajustable a final de temporada, sin contrato, sin grados brix, medio de pago transferencia cada 30 dias."
"2024","3","2024-03-26","16","Región de Ñuble","Ninhue","Cuvas de Ninhue","Camino a la posta s/n, kilómetro 0,43","Moscatel de Alejandría","120","15","2024-04-07","140","precio minimo garantizado, reajustable a final de temporada, sin grados brix, medio de pago es transferencia cada 20 dias."
"2024","3","2024-03-26","16","Región de Ñuble","Ranquil","Centinelas del Itata ","Sector Vegas de Concha, kilómetro 7","Moscatel de Alejandría","120","12","2024-04-15","140","precios minimo garantizado, reajustable a finde temporada, sin grado brix, metodo de pago transferencia y efectivo."
"2024","3","2024-03-26","16","Región de Ñuble","Ninhue","Cuvas de Ninhue","Camino a la posta s/n, kilómetro 0,43","Pais - Mission, Criolla","85","15","2024-04-21","100","precio minimo garantizado, reajustable a final de temporada, sin grados brix, medio de pago es transferencia cada 20 dias."
"2024","4","2024-04-23","16","Región de Ñuble","Quillón","Cooperativa Covicen","Camino principal s/n, sector El Arenal","Chasselas","180","16","2024-04-25","180","precio minimo garantizado, reajustable a final de temporada, sin grados brix, pago contado una vez emitida la factura, programa de alianza."
"2024","4","2024-04-23","16","Región de Ñuble","Ranquil","Centinelas del Itata ","Sector Vegas de Concha, kilómetro 7","Chasselas","180","16","2024-04-30","180","precio minimo garantizado, reajustable a final de temporada, sin grados brix, metodos de pago es por transferncia semanalmente."
"2024","4","2024-04-23","16","Región de Ñuble","Quillón","Benigno Cea Rubios","Cerro Negro, kilómetro 11","Chasselas","180","16","2024-04-30","180","precio minimo garantizado, reajustable a final de temporada, sin grados brix, forma de pago al contado por etapas cada 15 dias."
"2024","4","2024-04-23","16","Región de Ñuble","Quillón","Benigno Cea Rubios","Cerro Negro, kilómetro 11","Moscatel de Alejandría","180","16","2024-04-30","180","precio minimo garantizado, reajustable a final de temporada, sin grados brix, forma de pago al contado por etapas cada 15 dias."
"2024","4","2024-04-23","16","Región de Ñuble","Ranquil","Centinelas del Itata ","Sector Vegas de Concha, kilómetro 7","Moscatel de Alejandría","180","16","2024-04-30","180","precio minimo garantizado, reajustable a final de temporada, sin grados brix, metodos de pago es por transferncia semanalmente."
"2024","4","2024-04-23","16","Región de Ñuble","Quillón","Cooperativa Covicen","Camino principal s/n, sector El Arenal","Moscatel de Alejandría","180","16","2024-04-25","180","precio minimo garantizado, reajustable a final de temporada, sin grados brix, pago contado una vez emitida la factura, programa de alianza."
"2024","4","2024-04-23","16","Región de Ñuble","Quillón","Comercializadora La Patagua","Kilómetro 7, Cerro Negro, Quillon ","Moscatel de Alejandría","180","16","2024-04-30","180","precio minimo garantizado, reajustable a final de temporada, sin grados brix, todo medio de pago cada 30 dias. "
"2024","4","2024-04-23","16","Región de Ñuble","Quillón","Comercializadora La Patagua","Kilómetro 7, Cerro Negro, Quillon ","Pais - Mission, Criolla","140","16","2024-04-30","140","precio minimo garantizado, reajustable a final de temporada, sin grados brix, todo medio de pago cada 30 dias. "
"2024","4","2024-04-23","16","Región de Ñuble","Quillón","Cooperativa Covicen","Camino principal s/n, sector El Arenal","Pais - Mission, Criolla","140","16","2024-05-01","150","precio minimo garantizado, reajustable a final de temporada, sin grados brix, pago contado una vez emitida la factura, programa de alianza."
"2024","4","2024-04-23","16","Región de Ñuble","Ranquil","Centinelas del Itata ","Sector Vegas de Concha, kilómetro 7","Pais - Mission, Criolla","140","16","2024-04-30","140","precio minimo garantizado, reajustable a final de temporada, sin grados brix, metodos de pago es por transferncia semanalmente."
"2024","4","2024-04-23","16","Región de Ñuble","Quillón","Benigno Cea Rubios","Cerro Negro, kilómetro 11","Pais - Mission, Criolla","140","16","2024-04-30","140","precio minimo garantizado, reajustable a final de temporada, sin grados brix, forma de pago al contado por etapas cada 15 dias."
"2024","4","2024-04-24","16","Región de Ñuble","Ninhue","Viña Matori","Camino Kilómetro 33 S/N, Ninhue","Italia","180","16","2024-04-30","180","precio minimo garantizado, precio final de temporada, sin contrato, medio de pago cheques y transferencias cada 30 contrafacturas."
"2024","4","2024-04-24","16","Región de Ñuble","Coelemu","Sociedad Viñas Guarilihue ","Predio El Durazno S/N, Comuna De Coelemu","Moscatel de Alejandría","180","16","2024-04-30","190","precio minimo garantizado, reajustable a final de temporada, sin grados brix, con contratos, medio de pago con cheques y transferencia cada 15 dias."
"2024","4","2024-04-24","16","Región de Ñuble","Ninhue","Inversiones y Comercial Loncomilla SpA.","Pangue S/N, Ninhue","Moscatel de Alejandría","165","16","2024-04-30","180","precio minimo garantizado, reajustable a final de temporada, sin grados brix, medio de pago es transferencia cada 30 dias. "
"2024","4","2024-04-24","16","Región de Ñuble","Ninhue","Cuvas de Ninhue","Camino a la posta s/n, kilómetro 0,43","Moscatel de Alejandría","180","16","2024-04-30","180","precio minimo garantizado, precio final de temporada, sin grados brix, medios de pago es por transferencia cada 20 dias."
"2024","4","2024-04-24","16","Región de Ñuble","Portezuelo","Ecoparra","Baquedano 307","Moscatel de Alejandría","180","16","2024-04-30","180","precio minimo garantizado, reajustable a final de temporada, sin grados brix, todo medio de pago cada 15 dias. "
"2024","4","2024-04-24","16","Región de Ñuble","Portezuelo","Ecoparra","Baquedano 307","Pais - Mission, Criolla","140","16","2024-04-30","140","precio minimo garantizado, reajustable a final de temporada, sin grados brix, todo medio de pago cada 15 dias. "
"2024","4","2024-04-24","16","Región de Ñuble","Ninhue","Inversiones y Comercial Loncomilla SpA.","Pangue S/N, Ninhue","Pais - Mission, Criolla","130","16","2024-04-30","140","precio minimo garantizado, reajustable a final de temporada, sin grados brix, medio de pago es transferencia cada 30 dias. "
"2024","4","2024-04-24","16","Región de Ñuble","Coelemu","Sociedad Viñas Guarilihue ","Predio El Durazno S/N, Comuna De Coelemu","Pais - Mission, Criolla","140","16","2024-04-30","150","precio minimo garantizado, reajustable a final de temporada, sin grados brix, con contratos, medio de pago con cheques y transferencia cada 15 dias."
"2024","4","2024-04-24","16","Región de Ñuble","Ninhue","Cuvas de Ninhue","Camino a la posta s/n, kilómetro 0,43","Pais - Mission, Criolla","140","16","2024-04-30","140","precio minimo garantizado, precio final de temporada, sin grados brix, medios de pago es por transferencia cada 20 dias."
"2024","4","2024-04-24","16","Región de Ñuble","Ninhue","Viña Matori","Camino Kilómetro 33 S/N, Ninhue","Pais - Mission, Criolla","140","16","2024-04-30","140","precio minimo garantizado, precio final de temporada, sin contrato, medio de pago cheques y transferencias cada 30 contrafacturas."
